subcat2,Name,Height,subcat1,Gender
SpongeBob SquarePants,SpongeBob,10.16,TV,m
SpongeBob SquarePants,Patrick Star,15.24,TV,m
SpongeBob SquarePants,Mr Krabs,12.5,TV,m
SpongeBob SquarePants,Sandy Cheeks,12,TV,f  
Spongebob SquarePants,Squidward Tentacles,25.4,TV,m
Marvel Comics,Wolverine,160,Comics,m
Marvel Comics,Spider-Man (Peter Parker),178,Comics,m
Marvel Comics,Galactus (planet size),750000000,Comics,m
Marvel Comics,Surtur,304,Comics,m
Marvel Comics,Nightcrawler,175,Comics,m
Marvel Comics,Emma Frost,178,Comics,f
Marvel Comics,Magneto,188,Comics,m
Marvel Comics,Beast,180,Comics,m
Marvel Comics,Shadowcat (Kitty Pride),168,Comics,f
Marvel Comics,Thing,183,Comics,m
Marvel Comics,Chtylok ,762,Comics,m
Marvel Comics,Captain America (Steve Rogers),188,Comics,m
Marvel Comics,Juggernaut,294.64,Comics,m
Marvel Comics,Ymir ,305,Comics,m  
Marvel Comics,Exitar the Executioner,610000,Comics,m
Godzilla (franchise),Godzilla (1998),6000,Movies,m
Godzilla (franchise), King Ghidorah (1964),10000,Movies,m
Godzilla (franchise),Burning Godzilla (1995),10000,Movies,m
Godzilla (franchise),Godzilla Shin (2016),11850,Movies,m
Godzilla (franchise),Godzilla Earth,31800,Movies,m
Godzilla (franchise),Godzilla Showa (1955-1975),5000,Movies,m
Godzilla (franchise),Godzilla GMK (2001),6000,Movies,m
Godzilla (franchise),King Kong (1962),4511.04,Movies,m
Godzilla (franchise), GODZILLA (1954),5000,Movies,m
Godzilla (franchise),Rodan (1964),5000,Movies,m
Godzilla (franchise),Godzilla (1984),8000,Movies,m
Godzilla (franchise),Godzilla Legendary (2014),10800,Movies,m
Godzilla (franchise),Godzilla (Final Wars),10000,Movies,m
Godzilla (franchise),Godzilla MonsterVerse (2019),11978.64,Movies,m
Godzilla (franchise),Godzilla Heisei (1991-1994),10000,Movies,m
Godzilla (franchise),Godzilla (2000),5500,Movies,m
Godzilla (franchise),Anguirus Showa (1955-1975),6000,Movies,m
Sonic the Hedgehog,Doctor eggman,182.88,Video games,m
Sonic the hedgehog,Knuckles,110,Video games,m
Sonic the hedgehog,E-102 Gamma,250,Video games,m
Sonic the hedgehog,E-101 Beta,250,Video games,m
Sonic the hedgehog,Sticks,106,Video games,f
Sonic the hedgehog,Tails,80,Video games,m
Sonic the hedgehog,Sonic,100,Video games,m
Sonic the hedgehog,E-104 Epsilon,250,Video games,m
Sonic the hedgehog,Amy Rose,89,Video games,f
DC Universe ,Alan Scott,183,Comics,m
DC Universe ,Atrocitus,236,Comics,m
DC Universe ,Batman,192,Comics,m
DC Universe ,Clayface,180,Comics,m
DC Universe ,Alfred Pennyworth,183,Comics,m
DC Universe ,General zod,191,Comics,m
DC Universe ,Doomsday,269,Comics,m
DC Universe ,John Stewart,185,Comics,m
DC Universe ,Joker,193,Comics,m
DC Universe ,Aquaman,185,Comics,m
DC Universe ,Doctor Manhattan,198,Comics,m
DC Universe ,Darkseid,251,Comics,m
DC Universe ,Captain Atom ,193,Comics,m
DC Universe ,Cyborg,198,Comics,m
DC Universe ,Beast boy,173,Comics,m
DC Universe ,Cat Woman,173,Comics,f
DC Universe ,Deathstroke,193,Comics,m
DC Universe ,Amazo,244,Comics,m
DC Universe ,Bat-Mite,89,Comics,m
DC Universe ,Harley Quinn,170,Comics,f
DC Universe ,Captain Boomerang ,175,Comics,m
DC Universe ,Bizzaro,206,Comics,m
DC Universe ,John Constantine,183,Comics,m
DC Universe ,Deadshot,185,Comics,m
DC Universe ,Giganta,1527,Comics,f
DC Universe ,Anti-monitor,2900,Comics,m
DC Universe ,Green Arrow,180,Comics,m
DC Universe ,Despero,246,Comics,m
DC Universe ,Big Barda,206,Comics,f
DC Universe ,Doctor Fate,188,Comics,m
DC Universe ,Flash,193,Comics,m
DC Universe ,Bane,214,Comics,m
DC Universe ,Batwoman,180,Comics,f
DC Universe ,Wonder Woman,183,Comics,f
DC Universe ,Krona,203,Comics,m
DC Universe ,Starfire,185,Comics,f
DC Universe ,Mongul,244,Comics,m
DC Universe ,Nightwing,178,Comics,m
DC Universe ,Martian Manhunter,201,Comics,m
DC Universe ,Robin (Damian Wayne),158,Comics,m
DC Universe ,Penguin,157,Comics,m
DC Universe ,Raven,180,Comics,f
DC Universe ,Plastic man,185,Comics,m
DC Universe ,Supergirl,165,Comics,f
DC Universe ,Killer Croc,218,Comics,m
DC Universe ,Kyle Rayner,180,Comics,m
DC Universe ,Superman,190.5,Comics,m
DC Universe ,Lex Luthor,188,Comics,m
DC Universe ,Ras Al Ghul,196,Comics,m
DC Universe ,Red hood,183,Comics,m
DC Universe ,Sinestro,201,Comics,m
DC Universe ,Shazam,188,Comics,m
DC Universe ,Mogo the living planet,99980000000,Comics,m
Super Mario,Petey Piranha,388.62,Video games,m
Super Mario,Mario,155,Video games,m
Super Mario,Wendy O. Koopa,124.46000000000001,Video games,f
Super Mario,Luigi,175.26,Video games,m
Super Mario,Waluigi,216,Video games,m
Super Mario,Piranha Plant,115,Video games,m
Super Mario,Spiny,45.72,Video games,m
Super Mario,Koopa Troopa,120,Video games,m
Super Mario,Wario,170.18,Video games,m
Super Mario,ShyGuy,100,Video games,m
Super Mario,Bowser,261.62,Video games,m
Super Mario,Yoshi,175.26,Video games,m
Super Mario,Goomba,72,Video games,m
Super Mario,Lakitu,179,Video games,m
Super Mario,Princess Peach,182.88,Video games,f
Super Mario,Toad,105,Video games,m
Super Mario,Birdo,170.18,Video games,f
Looney Tunes,Elmer Fudd,111.75999999999999,TV,m
Looney Tunes,Foghorn Leghorn,157.48000000000002,TV,m  
Looney Tunes,Wile E. Coyote ,120,TV,m
Looney Tunes,Lola Bunny,96.52,TV,f
Looney Tunes,Yosemite Sam,90,TV,m
Looney Tunes,Pepe Le Pew,97,TV,m
Looney Tunes,Blue Monstar,545,TV,m
Looney Tunes,Sylvester,152.4,TV,m
Looney Tunes,Bugs Bunny ,127,TV,m
Looney Tunes,Daffy Duck,104.14,TV,m
Looney Tunes,Red Monstar,210,TV,m
Looney Tunes,Green Monstar,370,TV,m
Looney Tunes,Purple Monstar,400,TV,m
Looney Tunes,Taz Tasmanian Devil,71.12,TV,m
Super Mario,Wiggler,159,Video games,m
Super Mario,Donkey Kong,240,Video games,m
Super Mario,Bowser Jr,112,Video games,m
Super Mario,Bullet Bill,148,Video games,m
Super Mario,Baby Mario and Luigi,90,Video games,m
Super Mario,Hammer Bro,142.24,Video games,m
Super Mario,Toadette,105,Video games,f
Super Mario,Daisy,180.34,Video games,f
Super Mario,boo,79,Video games,m
Gamera,Gamera Heisei (1995-1999),8000,Movies,m
Jurassic World,Indominus rex,650,Movies,m
SIREN HEAD,SIREN HEAD,1220,Video games,m
TELETUBBIES,DIPSY,243.84,TV,m
Shrek,Shrek,226,Movies,m
movie,Tickety Tock (The Clocks),2.2,Movies,f
league of legends,Annie,127,Video games,f
league of legends,Nami,167,Video games,f
league of legends,Caitlyn ,170,Video games,f
league of legends,Syndra,180,Video games,f
league of legends,Irelia,172,Video games,f
league of legends,Zed,177,Video games,m
league of legends,Yuumi,20,Video games,f
league of legends,Rammus,91,Video games,m
league of legends,Kalista,177,Video games,f
league of legends,Amumu,109,Video games,m
league of legends,Yasuo,167,Video games,m
league of legends,Shyvana (human form),167,Video games,f
league of legends,Ryze,172,Video games,m
league of legends,Taliyah,175,Video games,f
league of legends,Zoe,144,Video games,f
league of legends,Kled,91,Video games,m
league of legends,Miss Fortune,167,Video games,f
league of legends,Teemo,81,Video games,m
league of legends,Karma,200,Video games,f
league of legends,Sona,167,Video games,f
league of legends,Xin Zhao,172,Video games,m
league of legends,Poppy,96,Video games,f
league of legends,Elise (spider form),121,Video games,f
league of legends,Lux,177,Video games,f
league of legends,Brand,177,Video games,m
league of legends,Kassadin,175,Video games,m
league of legends,Ezreal,172,Video games,m
league of legends,Qiyana,152,Video games,f
league of legends,Heimerdinger ,96,Video games,m
league of legends,Ashe,175,Video games,f
league of legends,Orianna,172,Video games,f
league of legends,Ahri,168,Video games,f
league of legends,Fiora,180,Video games,f
league of legends,Fizz,91,Video games,m
league of legends,Veigar ,55,Video games,m
league of legends,Sivir,172,Video games,f
league of legends,Morgana,165,Video games,f
league of legends,Riven,180,Video games,f
league of legends,Malzahar,167,Video games,m
league of legends,Kayle,250,Video games,f
league of legends,Udyr,177,Video games,m
league of legends,Rakan,175,Video games,m
league of legends,Varus,170,Video games,m
league of legends,Shaco,165,Video games,m
league of legends,Evelynn,167,Video games,f
league of legends,Kai’Sa,167,Video games,f
league of legends,Katarina,165,Video games,f
league of legends,Neeko,144,Video games,f
league of legends,Rumble,78,Video games,m
league of legends,Mini Gnar,73,Video games,m
league of legends,Pantheon,175,Video games,m
league of legends,Kayn,177,Video games,m
league of legends,Xayah,160,Video games,f
league of legends,Karthus,180,Video games,m
league of legends,Nidalee (human form),167,Video games,f
league of legends,Zac (average),207,Video games,m
league of legends,Lulu ,60,Video games,f
league of legends,Jinx,160,TV,f
league of legends,Kennen,78,Video games,m
league of legends,Ziggs,76,Video games,m
league of legends,Akali,162.56,Video games,f
league of legends,Quinn,172,Video games,f
league of legends,Twitch,155,Video games,m
league of legends,Talon,172,Video games,m
league of legends,Diana,177,Video games,f
league of legends,Lee Sin,167,Video games,m
league of legends,Tristana,81,Video games,f
league of legends,LeBlanc,170,Video games,f
league of legends,Ekko,175,Video games,m
Marvel,Hulk,279,Comics,m
league of legends,Shen,187,Video games,m
league of legends,Vi,180,Video games,f
league of legends,Soraka,187,Video games,f  
league of legends,Vladimir,190,Video games,m
league of legends,Zac (large size),268,Video games,m
league of legends,Xerath,457,Video games,m
league of legends,Yorick,185,Video games,m
league of legends,Zyra,180,Video games,f
league of legends,Sylas,190,Video games,m
league of legends,Lissandra,193,Video games,f
league of legends,Taric,187,Video games,m
league of legends,Mega Gnar,853,Video games,m
league of legends,Nautilus,1200,Video games,m
league of legends,Malphite,10360,Video games,m
League of Legends ,Galio,6900,Video games,m
league of legends,Aatrox,778,Video games,m
league of legends,Maokai,670,Video games,m
league of legends,Nasus,457,Video games,m
league of legends,Garen,195,Video games,m
league of legends,Ivern,304,Video games,m
league of legends,Tryndamere,185,Video games,m
league of legends,Draven,185,Video games,m
league of legends,Cassiopeia,396,Video games,f
league of legends,Skarner,487,Video games,m
league of legends,Master Yi,180,Video games,m
league of legends,Vel'Koz,914,Video games,m
league of legends,Aphelios,182,Video games,m
league of legends,Gragas,218,Video games,m
league of legends,Wukong,187,Video games,m
league of legends,Fiddlestick,182,Video games,m
league of legends,Kog'Maw,203,Video games,m
league of legends,Elise (human form),185,Video games,f
league of legends,Warwick,233,Video games,m
league of legends,Twisted Fate,185,Video games,m
league of legends,Darius,195,Video games,m
league of legends,Leona,185,Video games,f
league of legends,Rengar,203,Video games,m
league of legends,Blitzcrank,274,Video games,m
league of legends,Jhin,193,Video games,m
league of legends,Camille,203,Video games,f
league of legends,Singed,190,Video games,m
league of legends,Gangplank,182,Video games,m
league of legends,Sion,274,Video games,m
league of legends,Volibear,8100,Video games,m
league of legends,Viktor,187,Video games,m
league of legends,Zilean,185,Video games,m
league of legends,Dr. Mundo,264,Video games,m
league of legends,Jayce,182,Video games,m
league of legends,Swain,180,Video games,m
league of legends,Alistar,317,Video games,m
league of legends,Pyke,193,Video games,m
league of legends,Trundle,457,Video games,m
league of legends,Olaf,180,Video games,m
league of legends,Kha'Zix,193,Video games,m
league of legends,Illaoi,195,Video games,f
league of legends,Cho'Gath,2190,Video games,m
league of legends,Hecarim,274,Video games,m
league of legends,Renekton,457,Video games,m
league of legends,Ornn,8100,Video games,m
league of legends,Mordekaiser,366,Video games,m
league of legends,Jax,187,Video games,m
Peppa Pig,Peppa Pig,215.9,TV,f
dumbo,Dumbo,72,Movies,m
TELETUBBIES,Tinky winky,304.8,TV,m
Cars,Lightning McQueen,190,Movies,m
Cars, Doc hudson ,187,Movies,m
The grinch,Grinch,220,Movies,m
The bfb,Four,30,TV,m
Cory Carson ,Cory Carson ,104,TV,m
Teen Titans GO!,Doomsday (Teen Titans GO!),500,Comics,m
TV,Squid game doll,709,TV,f
Aladdin,The genie,84100,Movies,m
Battle for dream island,Firey jr (Bfdi 1b),29,TV,m
Team Fortress 2,Scout,180.34,Video games,m
Mickey Mouse,Daisy duck,66,TV,f
my singing monsters,entbrat,470,Video games,m
Kingdom Hearts ,Sora (15),161,Video games,m
Star Wars,Darth Vader,203.2,Movies,m
Over the hedge,Rj,69,Movies,m
Team Fortress 2,Spy,184,Video games,m
Mickey Mouse,MiniFred mouse,65,TV,m
Bfb,Lightning (irl),482803,TV,m
Finding Nemo,Dory ,6,Movies,f
Team Fortress 2,Engineer,178,Video games,m
Son Of Kong,KIKO ,73.66,Movies,m
my singing monsters,quarrister,320,Video games,m
Team Fortress 2,Medic,191,Video games,m
Team Fortress 2,Heavy,205.74,Video games,m
ubersatz,doc spindle,254,Video games,m
Madagascar,Alex,173.1,Movies,m
Team Fortress 2,Demoman,187.9,Video games,m 
Team Fortress 2,Pyro,175.3,Video games,Unknown
Team Fortress 2,Sniper,198,Video games,m
Henry Stickmin,Airship,280,TV,Unknown
The lion king,Simba,155,Movies,m
Team Fortress 2,Soldier,186,Video games,m
galactic comics,2016 ho3,6500,Comics,Unknown
Five Nights At Freddy’s Help Wanted,Glitchtrap,218.44000000000003,Video games,m
Five Nights At Freddy's 3,Springtrap,215.9,Video games,m
my singing monsters,reedling,100,Video games,m
my singing monsters,maggpi,520,Video games,f
my singing monsters,pompom,150,Video games,f
my singing monsters,riff,240,Video games,m
my singing monsters,scups,100,Video games,m
my singing monsters,parlsona,510,Video games,f
Mortal Kombat,Raiden (Mortal Kombat),213.36,Video games,m
my singing monsters,stoowarb,600,Video games,m
my singing monsters,shellbeat,260,Video games,m
Mortal Kombat,Tremor,221,Video games,m
my singing monsters,cybop,80,Video games,m
Mortal Kombat,Jax Briggs,203.2,Video games,m
my singing monsters,wubbox,690,Video games,m
my singing monsters,tawkerr,440,Video games,m
my singing monsters,tweedle,210,Video games,m
my singing monsters,noggin,250,Video games,m  
my singing monsters,ghazt,400,Video games,m
my singing monsters,plant island,6608,Video games,Unknown
Sonic The Hedgehog,Espio The Chameleon,110,Video games,m
DC,Cosmic Armor Superman ,678,Comics,m
American Dad ,Steve Smith,140,TV,m
American Dad ,Francine Smith,168,TV,f
American Dad,Stan Smith,190,TV,m
American Dad ,Roger Smith,145,TV,m
American Dad,Hayley Smith,150,TV,f
Warcraft,Arthas ,343,Video games,m
Red Dead Redemtion,Dutch van der Linde,196,Video games,m
Avengers,Scarlet Witch,183.6,Movies,f
Psychonuats,Raz,127,Video games,m
Drawn to Life,Baki,60.96,Video games,m
marvel,scorpion,165.1,Comics,m
Avengers,Beyonder,10000000,Comics,m
Madagascar ,Marty,150,Movies,m
Evangelion,Sachiel ,8000,Movies,Unknown
Lord of the Rings,Smaug,9800,Movies,m
The Predator,Ultimate predator,358.14000000000004,Movies,m
Angry Birds,Octopus Pig,57899.8,Video games,m
The Hobbit,Bilbo Baggins,134,Movies,m
Predator Franchise,Predator,220.98000000000002,Movies,m
Evangelion,Israfel ,11500,Video games,Unknown
Sucker Punch,Babydoll,163,Movies,f
Dead By Daylight,Michael Myers Dead By Daylight,218.44000000000003,Video games,m
Final Fantasy,Titan,15000,Video games,Unknown
Sucker Punch,Amber,165,Movies,f
Dead By Daylight,Michael (Dead by Daylight),218.44000000000003,Video games,m
Evangelion,Gaghiel ,180000,Video games,Unknown
Final Fantasy,Tifa,167,Video games,f
Evangelion,Shamshel ,10500,Video games,Unknown
SCP Foundation,SCP 096,237.8,Video games,m
Evangelion,Ramiel ,42400,Video games,Unknown
Evangelion,Sahaquiel ,200000,Video games,Unknown
Doki Doki Literature Club,Monika,160,Video games,f
Evangelion,Zeruel ,8000,Video games,Unknown
Doki Doki Literature Club,Natsuki,150,Video games,f
Doki Doki Literature Club,Yuri,165,Video games,f
Evangelion,Zeruel ,8000,Video games,Unknown
Ben 10,Heatblast,190,TV,m
Doki Doki Literature Club,Sayori,157,Video games,f
Doki Doki Literature Club,Natsuki,150,Video games,f
Ben 10,Four arms,321,TV,m
Evangelion,Third angel ,300,Video games,Unknown
trevor henderson,wandering doom,57000,Comics,Unknown
Evangelion,Seventh angel ,400000,Video games,Unknown
Persona 5,Panther,162.56,Video games,f
trevor henderson,bird watcher,25000,Comics,Unknown
trevor henderson,sky screamer,6500,Comics,Unknown
trevor henderson,god of roadkill,500,Comics,Unknown
South Park,Giant reptilian Bird ,5000,TV,Unknown
trevor henderson,misty guest 2,2500,Comics,Unknown
trevor henderson,behemoth,8000000,Comics,Unknown
trevor henderson,light head,1190,Comics,Unknown
trevor henderson,day 17/wandering faith (fixed),50000,Comics,Unknown
Warhammer,Bloodletter,240,Video games,m
My Little Pony,Princess Celestia,267,TV,f
Hazbin Hotel,Mammon,241,TV,m
trevor henderson,misty guest 3,145000,Comics,Unknown
trevor henderson,misty guest 1,5400,Video games,Unknown
Hazbin Hotel,Satan,780,TV,m
Warhammer,Skarbrand,1000,Video games,m
Trevor henderson ,Behemoth (original),800000000,TV,Unknown
The cuphead show,Cuphead ,105,TV,m
My Little Pony,Twilight Sparkle,165,TV,f
trevor henderson,giant pupetter ,3048,Comics,Unknown
trevor henderson,hexapod giant ,6705.6,Comics,Unknown
Minecraft,Enderman,294.64,Video games,m  
Assassin's Creed,Verulo Gallo,204,Video games,m
Minecraft,Ender Dragon,500,Video games,f
trevor henderson,tree head,30480,Video games,Unknown
trevor henderson,breaking news (fixed),38100,TV,Unknown
Yakuza,Futoshi Shimano,195,Video games,m
Warhammer,Great Unclean One,3048,Video games,Unknown
Yakuza ,Ryuji Goda,192,Video games,m
The Ignea Chronicles,King Adam,302,Comics,m
Outlast,Eddie Gluskin,239,Video games,m
Grand Theft Auto V,Lamar Davis,204,Video games,m
Batman Arkham Asylum,Killer Croc,335.28000000000003,Video games,m
The Ignea Chronicles,Hareira,220,Comics,f
The Ignea Chronicles,Garo,215,Comics,m
Ben 10,Wildmutt,137.1,TV,m
Ben 10,Upgrade,200,TV,m
The Ignea Chronicles,Queen Eve,253,Comics,f
The Ignea Chronicles,Yharim,225,Comics,m
The Ignea Chronicles,Aluxio,210,Comics,m  
The Ignea Chronicles,Yharim,225,Comics,m
Ben 10,XLR8,152.4,TV,m
Ben 10,Alien X,211,TV,m
Ben 10,Grey Matter,15.2,TV,m
Ben 10,Diamond head,182.88,TV,m
The Ignea Chronicles,Usagi Miyamoto,185,Comics,f
The Ignea Chronicles,Imperius,248,Comics,m
The Ignea Chronicles,Corvian,236,Comics,m
Warhammer,Void Whale,1500000,Video games,Unknown
Warhammer,Great Unclean One (Mountain),1020348.48,Video games,Unknown
Warhammer 40K,Imperial War Titans,15000,Video games,Unknown
Red Dead Redemtion,Micah Bell,184,Video games,m
Warhammer 40K,Tyranid Bio Titan,4000,Video games,Unknown
Warhammer 40K,Krorks ,1200,Video games,Unknown
Transformers,Metroplex,12000000,TV,m
Warhammer 40K,Warboss Ork,304.8,Video games,m
Red Dead Redemtion,Arthur Morgan,196,Video games,m
Red Dead Redemtion,Sadie Adler,172,Video games,f
Transformers,Metroplex,15000000,TV,m
The Ignea Chronicles,Dalys,185,Comics,f
The Ignea Chronicles,Queen Grenda,325,Comics,f
The Ignea Chronicles,King Raskan,420,Comics,m
Transformers,Grimlock,2150,TV,m
Warhammer,Arachaon the Everchosen,363.22,Video games,m
Warhammer,Kholek  Suneater,1020348.48,Video games,m
Warhammer 40K,Imperial Guard ,183,Video games,m
Lord of the Rings,Azog,216,Movies,m
Lord of the Rings,Thorin,162,Movies,m
Chickenhare,Hopper,107,Movies,m
Bioshock,Big Daddy,218.44000000000003,Video games,m  
Shine's Verse,Shinehorn,609.6,Video games,Unknown
Street Fighter,Ingrid,152,Video games,f
Garou Mark of the Wolves,Hotaru Futaba,156,Video games,f
Athena,Princess Athena,152,Video games,f
Darkstalkers,Morrigan Aensland,172,Video games,f
Street Fighter,Cammy,154,Video games,f
Samurai Shodown,Nakoruru,154.5,Video games,f
The King of Fighters,Whip,173,Video games,f
Street Fighter,Ibuki,162,Video games,f
The King of Fighters,Kula Diamond,169,Video games,f
Street Fighter,Juri Han,165,Video games,f
The King of Fighters,Shermie,173,Video games,f
The King of Fighters,Yuri Sakazaki,168,Video games,f
The King of Fighters,Athena Asamiya,163,Video games,f
The King of Fighters,Mai Shiranui,165,Video games,f
Warhammer 40K,Emperor of Mankind,430,Video games,m
Lord of the Rings,Ghûl Matron,274.32,Comics,f
Lord of the Rings,Olog-Graug,457,Movies,Unknown
Warhammer 40K,Thunder Warrior,249,Video games,m
Lord of the Rings,Great Beast,1066.8,Video games,Unknown
Lord of the Rings, Horned Graug,609.6,Comics,Unknown
Warhammer 40K,Rogal Dorn,305,Video games,m
Warhammer 40K,Custodes,279,Video games,m
Lord of the Rings,Legendary Graug,914.4,Movies,Unknown
Warhammer 40K,Vulkan,349,Video games,m
The Ignea Chronicles,Arcticard,232,Comics,Unknown
The Ignea Chronicles,Indra,221,Comics,Unknown
The Ignea Chronicles,Quicklight,198,Comics,Unknown
Popeye ,Georgie the Giant,6500,Comics,m
Where’s Waldo 2019,Wizard Featherbeard,180,TV,m
captain crunh,captain crunch,165.1,TV,m
Ben 10,Cannonbolt,190,TV,m
monster cereals,count chocula,228.60000000000002,TV,m
Ben 10,Kevin 11,243.84,TV,m  
Warhammer 40K,Ogryns,304.8,Video games,m
Ben 10,Wildvine,195,TV,m
Ben 10,Humungousaur,365.76,TV,m
Space Dogs Family,Chewy,35,TV,m
Little Nightmares,Six,25.4,Video games,f
Star Wars,Darth Maul,175,Movies,m
Star Wars,Boba Fett,191.2,Movies,m
Star Wars,Darth Sidious,178,Movies,m
Lady bug and super cat,Lady Bag,165,Movies,f
Star Wars,Jar Jar Binks,196,Movies,m
Star Wars,Yoda,66,Movies,m
Overwatch,D.va,167.64000000000001,Video games,f
SCP Foundation,SCP-2863,3000,Video games,Unknown
SCP Foundation,SCP-1128,1767.84,Video games,Unknown
SCP Foundation,SCP-2256,100000,Video games,Unknown
Teenagers Mutant Ninja Turtles,Donatello (1987),167,TV,m
Teenagers Mutant Ninja Turtles,Leonardo (1987),155,TV,m
Teenagers Mutant Ninja Turtles,Raphael (1987),155,TV,m
SCP Foundation,SCP-2146 the space whale ,69634000000,Video games,Unknown
SCP Foundation,SCP-4158,340,Video games,Unknown
SCP Foundation,SCP-093,762,Video games,Unknown
SCP Foundation,SCP-3000,90000000,Video games,Unknown
Ben10,Ben10,145,TV,m
We Happy Few,Sally Boyle,165,Video games,f
Vocaloid,Hatsune Miku,158,Video games,f
We Happy Few,Bobby,218.44000000000003,Video games,m
We Happy Few,Arthur Hastings,187.96,Video games,m
Ben10,Gwen,148,TV,f
winnie the pooh,eeyore,18,TV,m
We Happy Few,Ollie Starkey,172,Video games,m
We Happy Few,Joy Doctor,218.44000000000003,Video games,Unknown  
Titans Go!,Blackfire,180.34,TV,f
Masha and the Bear ,Masha ,60,TV,f
Peter Pan,Captain Hook,214,Movies,m
Titans Go!,Startfire,193.04,TV,f
Titans Go!,Robin,162.56,TV,m
Saludos Amigos,jose carioca,111.75999999999999,Movies,m
Titans Go!,Beast boy,152.4,TV,m
Titans Go!,Jinx,175.26,TV,f
Titans Go!,Raven,162.56,TV,f
bears,Foxed ,129.54,TV,Unknown
Fixies.,Simka,3,TV,Unknown
teenage robot.,XJ9,198.12,TV,f
Titans Go!,Cyborg,182.88,TV,m
teenage robot.,Jenny - XJ9,198.12,TV,f
Barboskins ,Lisa,154,TV,f
Bird Alone,Mango,30.48,Video games,m
Godzilla final wars 2004,Gigan (2004-modified),12000,Movies,m
Godzilla vs Gigan ,Gigan (1972),6500,Movies,m
Godzilla ,Destoroyah,12000,Movies,Unknown
Minecraft,Wither,350.52000000000004,Video games,Unknown
Godzilla vs Megalon,Gigan (1973),6500,Movies,m
Godzilla final wars 2004,Gigan (2004-active),12000,Movies,m  
Godzilla ,Spacegodzilla ,12800,Movies,Unknown
Poppy Playtime,Bunzo Bunny,152.4,Video games,m  
Howl’s moving castle ,Howl’s moving castle ,5600,Comics,Unknown
Godzilla ,Spacegodzilla ,12800,Movies,Unknown
Pokémon Sword & Shield,Nessa,175.26,Video games,f
Sonic the Hedgehog,Shadow the Hedgehog,100,Video games,m
Legend of Zelda,Ganondorf,230,Video games,m
F-Zero,Captain Falcon,203.2,Video games,m
Zorro,Zorro,174,Movies,m
Diablo,Belial ,429.26000000000005,Video games,m
Diablo,Mephisto ,510.54,Video games,m  
Diablo,Azmodan,878.84,Video games,m
Diablo,Barbarian ,256.54,Video games,m  
Diablo,Diablo,911.86,Video games,m
Diablo,Andariel ,586.74,Video games,f
Diablo,Tyrael ,274.32,Video games,m
Diablo,Duriel ,619.76,Video games,m
Diablo,Imperius,335.28000000000003,Video games,m
Diablo,Sheablo ,911.86,Video games,f
The Ignea Chronicles,Mayoga,590,Comics,f
Avatar: The last airbender,Aang,137.16,TV,m
The Legend of Korra,Aang (Adult),190,TV,m
Alto’s adventure ,Alto,167.64000000000001,Video games,Unknown
Alto’s odyssey ,Paz ,160.02,Video games,f
Fixies ,Spool.,4.7,Movies,Unknown
Fixies ,Verta,3.7,Movies,Unknown
John Wick Franchise,John Wick,186,Movies,m
The Dragon Prince,Viren,187.96,TV,m
devil may cry 5,Vergil,193,Video games,m
Fixies ,CAST,40,Movies,Unknown
X-Men: Days of Future Past,Sentinels,1525,Movies,Unknown
Fantastic Four(2015),The Thing(Fantastic four),226.3,Movies,m
The Incredible Hulk,Abomination,305.5,Movies,m
x-men days of future past,Sentinels M-2,548.2,Movies,Unknown
x-men days of future past,Sentinels Mk-x,609.6,TV,Unknown
Resident Evil,Ashley Graham,167.2,Video games,f
Resident Evil,Jake Muller,190.5,Video games,m
Resident Evil,Rebecca Chambers,161.3,Video games,f
Resident Evil,Jill Valentine,166,Video games,f
Batman vs Superman ,Doomsday,503,Movies,m
Resident Evil,Ada Wong,170.5,Video games,f
Resident Evil,Jack Krauser,188.1,Video games,m
Venom: Let There Be Carnage,Carnage,255,Movies,m
Resident Evil,Barry Burton,186.2,Video games,m
Resident Evil,Sergei Vladimir,202.3,Video games,m  
Venom,Venom ,230.5,Movies,m
Resident Evil,Billy Coen,181.5,Video games,m
Resident Evil,Claire Redfield,170,Video games,f
Resident Evil,Nikolai Zinoviev,187.5,Video games,m  
Fist of the North Star,Nameless Shura,195.6,TV,m 
Resident Evil,Raymond Vester,186.5,Video games,m
Fist of the North Star,Souther,188.9,TV,m
Fist of the North Star,Bat,175.7,TV,m
Fist of the North Star,Club,192.5,TV,m
Fist of the North Star,Outlaw,203.6,TV,m
Fist of the North Star,Bolge,199.3,TV,m
Fist of the North Star,Huey,181.7,TV,m
Fist of the North Star,Uighur,375.5,TV,m
Resident Evil,Alexia Ashford,175.7,Video games,f
Resident Evil 2 Remake,Brian Irons,167,Video games,m  
Fist of the North Star,Diamond,207.5,TV,m
Fist of the North Star,Shu,181.7,TV,m
Resident Evil,Moira Burton,165.5,Video games,f
Resident Evil,Excella Gionne,175.6,Video games,f
Fist of the North Star,Toki,188.6,TV,m
Resident Evil,Alice,173.5,Movies,f  
Fist of the North Star,Raoh v.1,213.5,TV,m
Fist of the North Star,Kensiro,185.8,TV,m
Fist of the North Star,Kaioh,220.6,TV,m  
Fist of the North Star,Keiser,199.4,TV,m
Fist of the North Star,Raoh v2,213.5,TV,m
Fist of the North Star,Shin,183.5,TV,m
Fist of the North Star,Mamiya,170.6,TV,f
Fist of the North Star,Colonel,177.8,TV,m
Fist of the North Star,Han,187.7,TV,m  
Fist of the North Star,Jagi,180.6,TV,m
Resident Evil,Sherry Birkin,165.3,Video games,f
Fist of the North Star,Rihaku,198.5,TV,m 
Resident Evil,Brad Vickers,176,Video games,m
Resident Evil,Annette Birkin,169.5,Video games,f
Fist of the North Star,Yuria,168.5,TV,f
Fist of the North Star,Juza,186.6,TV,m
Fist of the North Star,Kiba Daioh,562.5,TV,m
Resident Evil,Sheva Alomar,165.8,Video games,f
Resident Evil,Ethan Winters,180.6,Video games,m  
Fist of the North Star,Shuren,182.7,TV,m
Fist of the North Star,Heart,223.5,TV,m
Fist of the North Star,Fudoh,230.5,TV,m  
Fist of the North Star,Lin,167.5,TV,f
Resident Evil,Alex_Wesker,177.2,Video games,f
Fist of the North Star,Jackal,195.6,TV,m
Fist of the North Star,Ryuken,178.6,TV,m
Fist of the North Star,Gades,255.2,TV,m
Fist of the North Star,Yuda,183.5,TV,m
Fist of the North Star,Shachi,187.5,TV,m
Fist of the North Star,Alf of the Hourglass,225.5,TV,m
Resident Evil,Adam Benford,180.5,Video games,m
Fist of the North Star,Bask,187.2,TV,m
Fist of the North Star,Airi,168.3,TV,f
Resident Evil,Mikhail Viktor,178.3,Video games,m
Fist of the North Star,Devil Rebirth,751.5,TV,m
Fist of the North Star,Royga ,186.7,TV,m  
Resident Evil,Derek C. Simmons,187.6,Video games,m
Fist of the North Star,Amiba,183.8,TV,m
Fist of the North Star,Spade,188.4,TV,m
Resident Evil,Mia Winters,170.3,Video games,f
Fist of the North Star,Zeed,211.6,TV,m
Fist of the North Star,Hyoh,204.5,TV,m
Fist of the North Star,Falco,209.6,TV,m
Fist of the North Star,Kokuoh,330,TV,m
Fist of the North Star,Rey,185.5,TV,m
Zootopia ,Judy Hopps ,60.96,Movies,f
Ice Age,Manny,657.86,Movies,m
Muscle Idol,Derek (Smallest),182.88,Comics,m
D&D ,TIAMAT ,10493,Video games,Unknown
How to train your dragon,Hiccup ,185.42,Movies,m
fabulous patrol.,Alebka,159,Movies,Unknown
The hobbit,Smaug,9862,TV,m
Lord of the Rings,Frodo,131,TV,m
The hobbit,Thorin,148,TV,m  
The hobbit,Bilbo baggins,134,TV,m
The return of the king,Samwise,133,TV,m
Transformers,Shockwave,1066.8,Movies,m
Transformers,Grindor,1033.7,Movies,m
Transformers,Sentinel-prime,970,Movies,m
Transformers,Bumblebee,533.5,Movies,m
Transformers,Long Haul ,1035,Movies,m
Transformers,Jetfire,1220,Movies,m
Transformers,Galvatron,914.4,Movies,m
Transformers,Berserker,875,Movies,Unknown
Transformers,Scorn,2651,Movies,Unknown
Transformers,Demolishor,2255,Movies,m
Transformers,Sideswipe,475,Movies,m
Transformers,The Fallen,1250,Movies,m
Transformers,Slug,2164,Movies,Unknown
Transformers,Devistator,3139,Movies,Unknown
Transformers,Grimlock,2438.8,Movies,m
Transformers,Tarn,765,TV,m  
Transformers,Starscream,980,Movies,m
Transformers,Motormaster,623.2,Movies,m
Doom,Pinky,230.1,Video games,m
Doom,Davoth,330,Video games,m
Doom,Khan Maykr,600.1,Video games,f
Doom,Mancubus,390.1,Video games,Unknown
Doom,Dread Knight,291,Video games,Unknown
Doom,DoomSlayer v2,213.36,Video games,m
Doom,Cyberdemon v2,915.5,Video games,Unknown
Doom,Arch-Vile,320.6,Video games,Unknown
Doom,Unwilling,160.3,Video games,Unknown
Doom,Tyrant_Eternal,500.6,Video games,Unknown
Doom,Titan Eternal,11000,Video games,Unknown
Doom,Titan Eternal,11000,Video games,Unknown
Doom,Doom Hunter,410.8,Video games,Unknown
Doom,DoomSlayerrr,213.36,Video games,m
Doom,Possesed Soldier,183.6,Video games,Unknown
Doom,Olivia Pierce,160.5,Video games,f
Doom,Spider Mastermind,863,Video games,Unknown
Doom,Revenant,350.5,Video games,Unknown
Doom,Pain Elemental,350.7,Video games,Unknown
Doom,Harvester,340.3,Video games,Unknown
Doom,Marauder,190.6,Video games,Unknown
Doom,Imp,200.1,Video games,Unknown
Doom,Carcass,185.5,Video games,Unknown
Doom,Hell Guard,401.1,Video games,Unknown
Doom,Betrayer,186,Video games,Unknown
Doom,Doom Soldier,217.7,Video games,Unknown
Doom,Hell Knight,300.5,Video games,Unknown
Doom,Cacodemon,360.6,Video games,Unknown
Doom,Samuel  Hayden,290.1,Video games,m
Doom,Cyberdemon V3,727.5,Video games,Unknown
Doom,Gargyole,150.5,Video games,Unknown
Serious Sam,Ugh-Zan-3,10058.4,Video games,Unknown
Doom,Soldier_Eternal,185.5,Video games,Unknown
Doom,Arachnotron,345.2,Video games,Unknown
spirited away,yubaba,182.88,TV,f
Doom,Hell Razer,180.3,Video games,Unknown
Doom,Dark Lord,191,Video games,m
Doom,Prowler_eternal,280.7,Video games,Unknown
Doom,Baron of Hell v1,300,Video games,Unknown
Doom,Baron of Hell,451,Video games,Unknown
Doom,Baron of Hell_Eternal,451,Video games,Unknown
Doom,Icon of Sin,8001,Video games,Unknown
Doom,Gladiator,450.2,Video games,Unknown
Serious Sam,Ugh-Zan-4,7753.5,Video games,Unknown
spirited away,Chihiro Ogino,137.16,TV,f
Doom,Artur ,186,Video games,m
Doom,Summoner,295.5,Video games,Unknown
Doom,Lost Soul,50.5,Video games,Unknown
CHUCHEL,Chuchel,5,Video games,m
Crash Bandicoot,Nina Cortex,150,Video games,f
CHUCHEL,Chrchel,100,Video games,Unknown
Steven Universe,Pearl,170,TV,f
Steven Universe Future,Steven Universe (16),167.64000000000001,TV,m
Among Us,Crewmate,106.67999999999999,Video games,Unknown
Flushed Away,Serta Sheep,50.1,TV,Unknown
Lilo And Stitch,Stitch,91.44,Movies,m
Steven Universe,Amethyst,140,TV,f 
Flushed Away,Roddy St. James,70.1,TV,m
Steven Universe,Garnet,190,TV,f  
The Angry Birds Movie,Red (Angry Birds Movie),93.98,Movies,m
Star Wars,Obi-Wan Kenobi,182.4,Movies,m
Pokémon Sword/Sheild,Leon,180.34,Video games,m
Ice age,Eddie,256.54,Movies,m
Walking Dead,Daryl Dixon,178,TV,m
Poppy Playtime,Kissy Missy ,520.1,Video games,f  
Ice age,Zeke,102,Movies,m
Flushed Away,Toad,95.1,TV,m
Godzilla,Mothra 2019 (Legendary),1584.96,Movies,f
Star Wars,Anakin Skywalker,188,Movies,m
Ice age,Crash,24,Movies,m  
Ice age,Buck,42,Movies,m
The Little Yellow Orca,The Little Yellow Orca,74.1,TV,Unknown
Ben 10 ,Ben Tennyson ,172.72,TV,m
Fixies ,Nolic ,1,Movies,Unknown
Super family ,Violet Parr (costume),162.56,Movies,f
Ice age,Sid the sloth,335.28000000000003,Movies,m
Ice age,Scrat,106.67999999999999,Movies,m
Avatar,Jake Sully,304.8,Movies,m
Ice age,Diego,128,Movies,m
Flushed Away,Sheep with Braces,49.1,TV,Unknown
Super family ,Violet Parr ,160.02,Movies,f
Ice age,Egbert,136,Movies,m
Star Wars,Qui-Gon Jinn,193,Movies,m  
Monsters vs. Aliens,Insectosaurus,10668,Movies,Unknown
Ponyo and Eanal,Ponyo,30.2,TV,f
Clash of Clans ,Barbarian,160,Video games,m
Attack on Titan,Wall Maria,5000,TV,Unknown
Flushed Away,Sid,63.1,TV,m
clash royale,ballon,710,Video games,Unknown
The Legend Of Zelda,Link,178,Video games,m
Persona 5,Joker,175,Video games,m
Mortal Kombat,Kano,185,Video games,m
The Angry Birds Movie,Leonard,160.02,Movies,m
Power Rangers,Megazord,4100,TV,Unknown
Marvel,Iron Man,198.12,Movies,m  
Avatar,AMP,487.68,Movies,Unknown
Monsters vs. Aliens,Gallaxhar’s Probe,12192,Movies,Unknown
"Do,Re & Mi",Mi,104.14,TV,f
DC,King Shark,218.44000000000003,Comics,m
Iron Giant,The Iron Giant,3062,Movies,m
Dragon Age,Elven_01,160,Video games,Unknown
Transformers,Ironhide,670.5600000000001,Movies,m
"The Beast from 20,000 Fathoms",Rhedosaurus,1828.8,Movies,m
Godzilla,Pulgasari ,6800,Movies,m
Transformers,Ratchet,609.6,Movies,m
Godzilla (2014),MUTO (m),6096,Movies,m
Bayverse,Jazz,426.72,Movies,m  
Cuphead,King Dice,182.88,Video games,m
Godzilla (2014),MUTO (f),9144,Movies,f
Godzilla,Yongary,5500,Movies,m
Jason and the Argonauts,Talos,7010.400000000001,Movies,m
Godzilla Singular Point,Godzilla Ultima V2,10000,TV,m
Dead By Daylight,Spirit,160.02,Video games,f
Godzilla,Titanus Behemoth,10789.92,Movies,Unknown
Godzilla Singular Point,Godzilla Ultima V1,4500,TV,m
The Last Knight,Megatron,914.4,Movies,m  
Godzilla: Aftershock,MUTO Prime,10363.2,Comics,f
Godzilla,Queen MUTO,9448.8,Movies,f  
Pacific Rim,Leatherback,8138.16,Movies,Unknown
Godzilla: Planet of the Monsters,Godzilla Filius,5000,Movies,m
Ghostbusters,Stay Puft Marshmallow Man,3426.46,Movies,m
Monsters vs Aliens ,Susan Murphy (ginormica),1549,Movies,f  
Pacific Rim,Mutavore,8991.6,Movies,Unknown 
Genshin Impact,Albedo,173,Video games,m
Pacific Rim,Gipsy Danger,7924.8,Movies,Unknown 
Street Fighter,Gill,208.28,Video games,m  
God of War,Hercules,313,Video games,m
DC Comics,Swamp Thing,238,Comics,m
Cartoon Network,Johnny Bravo,230,TV,m
Pacific Rim,Otachi,6309.36,Movies,Unknown
Street Fighter,Gill,208.28,Video games,m
Mortal Kombat,Baraka,182,Video games,m  
Monsters vs. Aliens,Ginormica,1521.46,Movies,f
Pacific Rim,Slattern,18166.08,Movies,Unknown
Alphabet lore,Qu,180,TV,Unknown
Pacific Rim,Knifehead,9601.2,Movies,Unknown
Godzilla,Megalon,5500,Movies,m
Bully,Russell Northrop,195,Video games,m  
King Kong (2005),Venatosaurus,450,Movies,Unknown
Halo,Arbiter,239,Video games,m
Star Wars,Rancor,500,Movies,Unknown
Godzilla,Orga,6000,Movies,m
Godzilla,Titanosaurus,6000,Movies,m
Halo,Librarian,290,Video games,f
Halo,Didact,345,Video games,m
Bully,Jimmy Hopkins ,168,Video games,m
The 7th Voyage of Sinbad,Cyclops,609.6,Movies,m
King Kong (1933),King Kong (1933),1500,Movies,m
Godzilla,Hedorah,6000,Movies,Unknown
King Kong (2005),Foetodon,152.4,Movies,Unknown  
King Kong (2005),Ferrucutus,609.6,Movies,Unknown
King Kong (2005),Vastatosaurus Rex,690,Movies,m
Gamera,Gamera Showa (1965-1980),6000,Movies,m
Godzilla,Gorosaurus,3500,Movies,m
The Valley of Gwangi,Gwangi,426.72,Movies,m
Mortal Kombat,Cyrax,190.5,Video games,m
How to Train Your Dragon 2,Bewilderbeast,16005,Movies,Unknown 
How to Train Your Dragon,Red Death,3900,Movies,Unknown
Halo,Jorge 052,244,Video games,m
Halo,Tartarus,276,Video games,m  
Halo,Katherine Halsey,170,Video games,f
Halo,Warden Eternal,510,Video games,m
Halo,Miranda Keyes,178,Video games,f
Halo,Jacob Keyes,192,Video games,m
Space Amoeba,Gezora,3000,Movies,Unknown
Mighty Joe Young,Mighty Joe Young,456,Movies,m
Gamera,Zigra,8000,Movies,Unknown
Magic School Bus,Dorothy Anne,139.7,TV,f
Creature from the Black Lagoon,Gill-man,195.57999999999998,Movies,m  
The Mist,Behemoth,7315.2,Movies,Unknown
Clash of the Titans (1981),Kraken,1524,Movies,Unknown
20 Million Miles to Earth,Ymir,609.6,Movies,Unknown
Codename: Kids Next Door,Numbuh 5,142.24,TV,f
Godzilla,Jet Jaguar,5000,Movies,m
Godzilla,Baragon (GMK),3000,Movies,m
Godzilla,Mothra Showa (1961-1968),13500,Movies,f
The Punisher,The Punisher,191,Comics,m
Godzilla,King Caesar (2004),10000,Movies,m
Godzilla,Rodan (Legendary),4693.92,Movies,m
Godzilla,Mothra Heisei (1992-1996),12009.12,Movies,f
Godzilla,Baragon (1965),2500,Movies,m
Joker (2019),Joker (Arthur Fleck),172.7,Movies,m  
Godzilla,Rodan (1993),7000,Movies,m
Godzilla,King Caesar (1974),5000,Movies,m
Godzilla,King Ghidorah (GMK),5000,Movies,m
Godzilla,Battra,18000,Movies,m
Trollhunter,Jotnar,6100,Movies,Unknown
Star Wars,Star Destroyer,160000,Movies,Unknown
Godzilla,Biollante,12000,Movies,Unknown
The Batman (2022),The Batman (2022),190,Movies,m
Super Mario Bros.,Hell Valley Sky Tree's,3563.7,Video games,Unknown
Godzilla,Methuselah,9814.56,Movies,m
Avengers: Age Of Ultron,Ultron (MCU),231.1,Movies,m
Godzilla,Megaguirus,5000,Movies,f 
Godzilla,Scylla,10393.68,Movies,f
Godzilla,Mothra (2004),7193.28,Movies,f
Godzilla,Rodan (2004),10000,Movies,m
American Psycho (2000),Patrick Bateman,183,Movies,m  
The Punisher ,The Punisher (MCU),180.3,TV,m
The Batman (2022),Catwoman (2022),157,Movies,f 
Spawn,Spawn ,231,Comics,m
The Avengers #54,Ultron,183,Comics,m
The Batman (2022),The Riddler (2022),184.2,Movies,m
Godzilla,Mechagodzilla (Heisei),12000,Movies,m
The Dark Knight (2008),The Joker (2008),185.42,Movies,m  
Godzilla,Mechagodzilla (Showa),5000,Movies,m
Godzilla,Mechagodzilla (Millennium),6000,Movies,m
Gorgo,Gorgo,1981.2,Movies,m
Godzilla,M.O.G.U.E.R.A.,12000,Movies,m
Gorgo,Ogra,7620,Movies,f
Godzilla,Ebirah,5000,Movies,Unknown 
Godzilla,Godzilla Junior (1994),3000,Movies,m
Godzilla,Baby Zilla,182.88,Movies,m
Godzilla (1978 TV Series),Godzilla (Hanna-Barbera),12200,TV,m
Kong: Skull Island,Skullcrawler,2895.6,Movies,Unknown
Godzilla,Godzilla Junior (1995),4000,Movies,m  
Godzilla,Godzilla Junior (1993),164,Movies,m
Godzilla,Minilla,1800,Movies,m
King Kong Escapes,King Kong (1967),2011.68,Movies,m
King Kong Escapes,Mechani-Kong,2011.68,Movies,m
Halloween Kills (2021),Michael Myers (2021),190.5,Movies,m  
Kong (2017),Big Skullcrawler,2895.6,Movies,Unknown
Rob Zombie's Halloween ,Michael Myers (2007),203.2,Movies,m
Godzilla vs Kong,Giant Skullcrawler,5974.08,Movies,Unknown
Spider-Man: Homecoming,Spider-Man (MCU),168.9,Movies,m
The Dark Knight (2008),Batman (2008),187.3,Movies,m
King Kong,King Kong (1976),1676.4,Movies,m
Rampage,George ,1219.2,Movies,m
The Dark Knight Rises (2012),Bane (2012),175.3,Movies,m  
Dark Souls 3,Soul of Cinder,300,Video games,Unknown
Spawn,Spawn ,231,Comics,m
Godzilla,Gabara,5800,Movies,m
Batman Begins (2005),Scarecrow (2005),172.1,Movies,m
Batman Begins (2005),Ra's al Ghul (2005),193,Movies,m
Godzilla,Godzillasaurus,1200,Movies,Unknown
Spawn,The Violator,248.9,Comics,m
Black Adam (2022),Black Adam (DCEU),190.5,Movies,m
Jackie Chan adventure ,Jade Chan ,91.44,TV,f
Godzilla: Final Wars,Keizer Ghidorah,14000,Movies,m
Godzilla: Final Wars,Monster X,12000,Movies,m
The Amazing Spider-Man 2 (2014),Spider-Man (TASM),179.1,Movies,m
The Dark Knight Rises (2012),Catwoman (2012),170.2,Movies,f  
Aliens (1986),Xenomorph (Warrior),243.8,Movies,Unknown
X-Men: Days of Future Past (2014),Logan ,188,Movies,m
Dark Souls 3,Sister Friede,200,Video games,f
Alita: Battle Angel (2019),Alita,158.8,Movies,f
After man by: Dougal dixon,Common Rabbuck,200,Comics,Unknown
Spider-Man (2002),Spider-Man (2002),172.1,Movies,m 
The Dark Knight (2008),Two-Face (2008),179.7,Movies,m
After man by: Dougal dixon,Vortex,1000,Comics,Unknown
Captain America: Civil War,Tony Stark (MCU),172.1,Movies,m
After man by: Dougal dixon,Gigantelope,340,Comics,Unknown
League of Legends,Sevika,185,Video games,f  
League of Legends,Sevika,185,Video games,f
After man by: Dougal dixon,Reedstilt,160,Comics,Unknown
After man by: Dougal dixon,Mud-gulper,158,Comics,Unknown
After man by: Dougal dixon,Helmet hornhead,270,Comics,Unknown
Captain America: Civil War,Steve Rogers (MCU),182.9,Movies,m
Aliens (1986),Ellen Ripley,180.3,Movies,f  
Gamera,Toto,3000,Movies,Unknown
After man by: Dougal dixon,Horrane,175,Comics,Unknown
After man by: Dougal dixon,Raboon,220,Comics,Unknown
Godzilla,Anguirus (2004),9000,Movies,m
Gamera,Iris,9900,Movies,Unknown
Halloween II (1981),Michael Myers (1981),175.3,Movies,m
After man by: Dougal dixon,Tree drummer,18,Comics,Unknown
The Punisher (2019),Billy Russo (MCU),182.9,TV,m
Freddy vs Jason,Jason Voorhees (2003),196.2,Movies,m
Pacific Rim,Raiju,10911.84,Movies,Unknown
The Sopranos (1999),Tony Soprano,184.8,TV,m
Godzilla,Mecha-King Ghidorah,15000,Movies,m
Friday the 13th Part VII,Jason Voorhees (Part 7),206,Movies,m
Aliens (1986),Ellen Ripley,180.3,Movies,f
Jessica Jones (2015),Kilgrave (MCU),184.8,TV,m
Pacific Rim,Onibaba,5730.24,Movies,Unknown  
Alien vs. Predator: Requiem,Wolf Predator,233.7,Movies,m
Better Call Saul (2015),Saul Goodman,175.3,TV,m
Godzilla,King Ghidorah (Heisei),15000,Movies,m
Luke Cage (2018),Luke Cage (MCU),190.5,TV,m
Breaking Bad (2008),Walter White,179.1,TV,m  
Friday the 13th (2009),Jason Voorhees (2009),195.6,Movies,m
Daredevil (2015),Daredevil (MCU),177.8,Movies,m
After man by: Dougal dixon,Zarander,400,Comics,Unknown
Breaking Bad (2008),Mike Ehrmantraut,174,TV,m  
Daredevil (2015),Wilson Fisk (MCU),191.8,TV,m
Jessica Jones (2015),Jessica Jones,175.9,TV,f
Breaking Bad (2008),Jesse Pinkman,172.1,TV,m
Breaking Bad (2008),Gustavo Fring,170.8,TV,m
Gamera,Viras,9600,Movies,Unknown
After man by: Dougal dixon,Ghole,70,Comics,Unknown  
Digimon ,Renamon,172.72,Video games,f
After man by: Dougal dixon,Night stalker,100,Comics,Unknown
Gamera,Legion,14000,Movies,Unknown
Aliens (1986),Xenomorph (Queen),610,Movies,f
Pacific Rim,Trespasser,9204.960000000001,Movies,Unknown
Alien vs. Predator: Requiem,Predalien,300,Movies,Unknown  
Gamera,Avant Gamera,3500,Movies,m
Godzilla,Godzilla (Kiryu),5500,Movies,m
"Friday the 13th, Part III",Jason Voorhees (Part 3),190.5,Movies,m
Godzilla,Godzilla Composite,31800,Movies,m
The Matrix,Agent Smith,190.5,Movies,m
The Matrix,Morpheus,185.42,Movies,m  
Prey (2022),Feral Predator,213.4,Movies,m
After man by: Dougal dixon,Bootie bird,100,Comics,Unknown
The Matrix,Neo (The Matrix Reloaded),187,Movies,m
The Matrix,Trinity,173.4,Movies,f
After man by: Dougal dixon,Desert leaper,300,Comics,Unknown
After man by: Dougal dixon,Flightless Guinea Fowl,170,Comics,Unknown
Assassin's Creed,Kjotve The Cruel,239,Video games,m
Captain America: Civil War,Iron Man (MCU),184.8,Movies,m
Predators (2010),Berserker Predator,234,Movies,m
Pj mask,Gekko,147.32,Movies,m 
Asura's Wrath,Asura,198.1,Video games,m
Avengers: Age of Ultron,Black Widow (MCU),170,Movies,f
Assassins Creed Origins,Bayek Of Siwa,184,Video games,m  
Assassin's Creed,Thor,194,Video games,m
Godzilla,Manda (Showa),15000,Movies,Unknown
Metroid,Samus Aran,190.5,Video games,f  
Godzilla,Kamacuras (Final Wars),4000,Movies,Unknown
The new dinosaurs,Lank,300,Comics,Unknown
Assassins Creed Brotherhood,Ezio Auditore Da Firenze,192,Video games,m
Assassins Creed 2,Ezio Auditore,192,Video games,m
Stranger Things,The Mindflayer,21336,TV,Unknown  
Captain America: Civil War,Hawkeye (MCU),173.4,Movies,m
Assassins Creed Brotherhood,Cesare Borgia,197,Video games,m
Frankenstein Conquers the World,Frankenstein (Toho),2000,Movies,m  
Sgt. Fury and his Howling Commandos #1 (May 1963),Nick Fury,185,Comics,m
Metroid,Samus Aron,190.5,Video games,f
Assassin's Creed,Baldur,170,Video games,m  
Super Mario,King k rool,300,Video games,m
Metroid,Ridley,401.32,Video games,m
Godzilla,Kamacuras (Showa),5000,Movies,Unknown
Varan the Unbelievable,Varan,5000,Movies,m 
Avengers: Age of Ultron,Nick Fury (MCU),188,Movies,m
Godzilla,Manda (Final Wars),30000,Movies,Unknown
The new dinosaurs,Bricket,190,Comics,Unknown
Tales of Suspense #57 (September 1964),Hawkeye,191,Comics,m  
War of the Gargantuas,Sanda,3000,Movies,m
War of the Gargantuas,Gaira,2500,Movies,m
Godzilla,Kumonga (Final Wars),3500,Movies,Unknown
Tales of Suspense #52 (April 1964),Black Widow,170,Comics,f
Godzilla,Kumonga (Showa),4500,Movies,Unknown
The Boys,Homelander,181,TV,m
Avengers: Age of Ultron,Hulkbuster,335.5,Movies,Unknown
ourney into Mystery no. 83 (August 1962),Thor,198,Comics,m
The Incredible Hulk (May 1962),The Incredible Hulk,213.4,Comics,m  
Avengers: Infinity War (2018),Thor (MCU),190.5,Movies,m
Avengers: Age of Ultron (2015),The Hulk (MCU),248.9,Movies,m
The new dinosaurs,Northclaw,150,Comics,Unknown
The Savage She-Hulk #1 (February 1980),She-Hulk,201,Comics,f  
Daredevil no. 1 (April 1964),Daredevil,180,Comics,m
Pacific Rim,Crimson Typhoon,7620,Movies,Unknown
Pacific Rim,Horizon Brave,7254.24,Movies,Unknown
Asura's Wrath,"Chakravartin, The Creator",213.4,Video games,m  
The new dinosaurs,Lumber,530,Comics,Unknown
Pacific Rim,Romeo Blue,7772.400000000001,Movies,Unknown
Pacific Rim,Coyote Tango,8534.4,Movies,Unknown
Pacific Rim,Tacit Ronin,7437.12,Movies,Unknown
Daredevil (2015),Elektra Natchios (MCU),162.6,TV,f
Pacific Rim,Cherno Alpha,8534.4,Movies,Unknown
Daredevil no. 168 (1981),Elektra Natchios,175,Comics,f 
Pacific Rim,Striker Eureka,7620,Movies,Unknown
Thor: God of Thunder (2012),Gorr The God Butcher,201,Comics,m
A song of ice and fire,Soren Stark,184,Comics,m
God of War Ragnarok,Kratos (Ragnarok),214,Video games,m
Dark Souls III,Slave Knight Gael,280,Video games,m  
God of War (2005),Kratos,229,Video games,m
Game of thrones,The Hound,198,TV,m
The new dinosaurs,Taddey,175,Comics,Unknown
The new dinosaurs,Whulk,500,Comics,Unknown
The new dinosaurs,Wandle,298,Comics,Unknown
Star Wars,AT-AT,2255.52,Movies,Unknown
Star Wars,AT-ST,904,Movies,Unknown  
Frankenstein,Frankenstein,243.84,Movies,m
The King Kong Show,King Kong (TKKS),1524,TV,m
Street Fighter Alpha 2,Sakura Kasugano,158,Video games,f
Street Fighter V,Chun-Li (Battle Dress),169,Video games,f
NYX #3 (February 2004),X-23,155,Comics,f  
samurai jack,samurai jack,175.26,TV,m
Kirby,Kirby,20.32,Video games,m  
The Ignea Chronicles,Thamur,53500,Comics,m
The new dinosaurs,Monocorn,250,Comics,Unknown
The new dinosaurs,Cutlasstooth,340,Comics,Unknown
Final Fantasy VII,Barret Wallace,197,Video games,m
The new dinosaurs,Zwym,20,Comics,Unknown
Metal Gear Rising Revengence,Senator Armstrong,243.9,Video games,m
Action Comics #544 (1983),Lex Luthor (Armored),211,Comics,m
Super 8,Cooper,365.76,Movies,m
The Sopranos,Christopher Moltisanti,171.4,TV,m  
Daredevil #4 (October 1964),Purple Man,180,Comics,m
godzilla,titanus anguirus,8351.52,Movies,m
Grand Theft Auto V (2013),Michael De Santa,188,Video games,m 
Captain Britain #8 (Dec. 1976),Psylocke,180,Comics,f
godzilla,titanus destoroyah,21206.46,Movies,Unknown
Major Cloog,Fuddie The Furry,140,TV,Unknown
five nights at freddy,chica the chickn,210.82,Video games,f  
godzilla,Thermonuclear Godzilla,11978.64,Movies,m
Action Comics #242 in July 1958,Brainiac,198,Comics,m
"Luke Cage, Hero for Hire #1 (June 1972)",Luke Cage,198,Comics,m
The Sopranos,Paulie Walnuts,172.7,TV,m  
Grand Theft Auto V,Franklin Clinton,180,Video games,m
Street Fighter Alpha 3,Rainbow Mika,168,Video games,f  
The new dinosaurs,Waspeater,50,Comics,Unknown
Cloverfield (2008),Parasite (Cloverfield),111.8,Movies,Unknown
 Fairly Odd Parents,Mrs. Turner,184,TV,f
Outlast 2,Marta,305,Video games,f
Fairly Odd Parents,Mr. Turner,190,TV,m
Grand Theft Auto V (2013),Lamar Davis,205,Video games,m
Street Fighter III: 3rd Strike,Makoto,160,Video games,f  
Alias #1 (November 2001),Jessica Jones,170,Comics,f
KIrby,Kirby,20,Video games,m
Grand Theft Auto V (2013),Trevor Phillips,189,Video games,m  
Outlast,Miles Upshur,190,Video games,m
The Amazing Spider-Man #50 (July 1967),Kingpin,201,Comics,m
five nights at freddy,Toy chica,208.28,Video games,f
The Legend of Korra,Colossus,8250,TV,Unknown  
The Invincible Iron Man #55 (February 1973),Thanos (Comics),201,Comics,m
Smurfs,Smurfette,7.62,TV,f
Gorillaz,Noodle,157,TV,f  
Gorillaz,Murdoc Niccals,170,TV,m
Transformers: Age of Extinction,Lockdown,731.52,Movies,m
Gorillaz,Russel Hobbs,175,TV,m
Left 4 Dead 2,Nick,190,Video games,m
The new dinosaurs,Kloon,160,Comics,Unknown
Gorillaz,2-D,188,TV,m
The new dinosaurs,Rajaphant,560,Comics,Unknown  
God of WAR,Poseidon,228.60000000000002,Video games,m
Mortal Kombat,Torr,228.60000000000002,Video games,Unknown
Scp foundation,Scp 682,600,TV,Unknown  
Scp foundation,Scp 548,7.3,TV,Unknown
God of War Ragnarök,Tyr,256.54,Video games,m
God of War,Odin,180,Video games,m
Scp foundation,Scp 999,100,TV,Unknown
Mortal Kombat,Torr,228.60000000000002,Video games,Unknown
Scp foundation,Scp 169,500000000,TV,Unknown
Outlast,Dr Richard Trager,192,Video games,m  
God of War,Hades,243.84,Video games,m
Assassins Creed Origins,Julias Caesar,194,Video games,m
The new dinosaurs,Birdsnacher,420,Comics,Unknown
Elden Ring (2022),General Radahn,822.96,Video games,m
Elden Ring (2022),"Malenia, Blade of Miquella",256,Video games,f   
Scp foundation,Scp 049,190,TV,m
Scp foundation,Scp 173,200,TV,Unknown  
The new dinosaurs,Megalosaur,280,Comics,Unknown
Futurama,Professor Farnsworth,167.64000000000001,TV,m
Scp foundation,Scp 962,25800,TV,Unknown
Fallout 4,Super Mutant Behemoth,500.38,Video games,Unknown
godzilla,Titanus Spacegodzilla,12283.44,Movies,m
The Fairly Oddparents,Chet Ubetcha,110,TV,m 
yo-kai watch,jibanyan,2,Video games,m
The Fairly Oddparents,Chester,72,TV,m
Futurama,Amy,165.1,TV,f
Scp foundation,Scp 939,180,TV,Unknown
Scp foundation,Scp 3485,157000000000,TV,Unknown
T.U.F.F Puppy,Kitty Katswell,167.64000000000001,TV,f
The Fairly Oddparents,Wanda,76,TV,f  
The Fairly Oddparents,Vicky,160,TV,f
Left 4 Dead 2,Coach,201,Video games,m
Smite,Poseidon,213.36,Video games,m
The Fairly Oddparents,Crocker,188,TV,m
Team Fortress 2,Heavy,205.74,Video games,m
The Fairly Oddparents,Mark Chang,168,TV,m
The Fairly Oddparents,Doug Dimmadome,178,TV,m  
Futurama,Leela,183.8,TV,f 
Futurama,Bender,200,TV,m
Final Fantasy VII,Aerith Gainsborough,163,Video games,f
The Fairly Oddparents,Cosmo,80,TV,m
godzilla,baby gojira,7741.92,Movies,Unknown
DC,The Thought Robot,2.6895941195705035e+43,Comics,m  
The Fairly Oddparents,Sparky,74,TV,m
The Fairly Oddparents,Jorgen,236,TV,m
The Fairly Oddparents,The Crimson Chin,228,TV,m
Scp foundation,Scp 4774,5096800000,TV,Unknown
Mortal Kombat,Fujin,210.82,Video games,m
Scp foundation,Scp 037,5,TV,Unknown  
The Fairly Oddparents,Timmy Turner,69,TV,m
The Fairly Oddparents,Timmy Turner,69,TV,m
Futurama,Fry,179.8,TV,m
Clone High,JFK (Clone High),238.76000000000002,TV,m
Uncharted Series,Nathan Drake,188,Video games,m
T.U.F.F Puppy,Kitty Katswell (Big),248.92000000000002,TV,f  
Half-Life Series,G-man,195,Video games,m
Marvel,Celestial,70000,Comics,Unknown
Marvel,Cull Obsidian,365.76,Comics,m
Uncharted 2,Harry Flynn,196,Video games,m
Marvel,Ebony Maw,178,Comics,m
Marvel,Proxima Midnight,198,Comics,f
Fallout 3,Scrapper,184,Video games,Unknown
Far Cry 5,Joseph Seed,195.57999999999998,Video games,m  
Left 4 Dead 2,Ellis,183,Video games,m
Scp foundation,Scp 058,200,TV,Unknown
Ninja guy show,Ninja guy,177.8,TV,m
Fallout 3,Brawler,194,Video games,Unknown
Marvel,Corvus Glaive,188,Comics,m
Left 4 Dead,Bill Overbeck,193,Video games,m
Batman (1966),Batman (Adam West),186.7,TV,m
The Hobbit,Thorin Oakenshield,147,Movies,m
Batman: Arkham Knight (2015),Arkham Knight,182.88,Video games,m
Fallout 3,Tracker,236,Video games,Unknown
Half Life 1: Blue Shift,Otis,177.8,Video games,m
Scp foundation,Scp 001,30000,TV,Unknown  
Scp foundation,Scp 131,30,TV,Unknown
Batman: Arkham City (2011),Clayface (Arkham City),248.92000000000002,Video games,m
Scp foundation,Scp 2883,25,TV,Unknown
Superman Returns (2006),Superman (Brandon Routh),189.2,Movies,m
Scp foundation,Scp 2761,1200,TV,Unknown
Superman (1978),Superman (Christopher Reeve),191.8,Movies,m  
Ben 10,Gwen Tennyson (Original),121.92,TV,f
Invader Zim,Invader Zim,138.2,TV,m
Scp foundation,Scp 553,2.3,TV,Unknown
Assassins Creed Valhalla,Eivor (m),171,Video games,m
King of the Hill,Boomhauer,189,TV,m  
King of the Hill (1997),Hank Hill,195,TV,m
Fallout 4,Liberty Prime,1828.8,Video games,Unknown  
Final Fantasy VII,Yuffie Kisaragi,160,Video games,f
King of the Hill (1997),Dale Gribble,192,TV,m
King of the Hill (1997),Bill Dauterive,181,TV,m
Team Fortress 2,The Scout,186,Video games,m
The Legend of Zelda,Princess Zelda,210,Video games,f  
Left 4 Dead 2,Charger,226,Video games,Unknown
Scp foundation,Scp 650,167,TV,Unknown
Left 4 Dead 2,Boomer,192,Video games,Unknown
Saints Row 3 The Third,Oleg,304.8,Video games,m
Final Fantasy VII,Cid Highwind,178,Video games,m  
Tales Of Monkey Island,Guybrush Threepwood,194.6,Video games,m
Wolfenstein 2,Adolf Hitler,178,Video games,m
Final Fantasy XIII,Lightning,171,Video games,f
Final Fantasy XIII,Snow Villiers,200,Video games,m
Outlast Whistleblower,Waylon Park,194,Video games,m
Batman: Arkham Asylum,The Joker (Arkhamverse),182.88,Video games,m
Half Life 2,Wallace Breen,193.04,Video games,m
Assassins Creed Valhalla,Fulke,218,Video games,f  
Assassins Creed Origins,Lucius Septimius,268,Video games,m
The Last Of Us,Joel Miller,183,Video games,m
Sonic the Hedgehog,Blaze The Cat,95,Video games,f
My Little Pony,Rainbow Dash,165,TV,f
Saints Row 3 The Third,Protagonist (Saints Row 3),187.9,Video games,Unknown  
Batman: Arkham Knight,The Riddler (Arkhamverse),185.42,Video games,m
Assassins Creed Valhalla,Standard Bearer,280.7,Video games,Unknown
Fallout Equestria,Littlepip,165.1,Comics,f
Assassins Creed 3,Haytham Kenway,193,Video games,m
Assassins Creed Valhalla,Sigurd,195.57999999999998,Video games,m  
The Witcher,Geralt of Rivia,190.5,Video games,m
Batman: Arkham Knight,Batman (Arkhamverse),200,Video games,m
Marvel,Dormammu,185,Comics,m 
Fallout 4,Quantum Tankbot,236.22000000000003,Video games,Unknown
Final Fantasy VII,Cid Highwind,180.34,Video games,m  
Black Mesa,Black Mesa Security Guard,183,Video games,m
Final Fantasy XIII,Noel Kreiss,185,Video games,m
Final Fantasy VII,Zack fair,185,Video games,m
My Little Pony Friendship Is Magic,Scootaloo (Older),160,TV,f
Final Fantasy XIII,Serah Farron,164,Video games,f
Final Fantasy XIII,Vanille,161,Video games,f
Toy Story,Sheriff Woody,39,Movies,m  
Freedom Planet,Carol Tea,149.9,Video games,f
Left 4 Dead 2,Rochelle,170.18,Video games,f
Tales Of Monkey Island,Marquis De Singe,200.66,Video games,m
Final Fantasy XIII,Fang,175,Video games,f 
Mercenaries 2,Mattias Nillison,213.9,Video games,m
Outlast,StraitJacket Patient Varient,197,Video games,Unknown
Avengers: Age of Ultron,Ultimate Ultron,243.84,Movies,m
Outlast Whistleblower,Eddie Gluskin (Ripped),239,Video games,m  
“The Amazing Spider-Man” #299 (April 1988),Venom (616),190.5,Comics,m
DC,Darkseid (Comic),266.7,Comics,m
Doom,Hot Rod Doom Slayer,216,Video games,m
Left 4 Dead,Francis,197,Video games,m
Dead Space,Isaac Clarke,182,Video games,m  
Dead Space,Necromorph,205,Video games,Unknown
Doom,Zombie Doom Slayer,224,Video games,m
The Amazing Spider-Man #359 (February 1992),Carnage,185.42,Comics,m
Thor: Love & Thunder (2022),Gorr (MCU),182.2,Movies,m
The sneetches,Plain belly sneetch,250,Comics,Unknown
The Last Samurai,Katsumoto,184,Movies,m
The sneetches,Star-belly Sneectch,250,Comics,Unknown  
Troll (2022),Troll,4500,Movies,Unknown
Splice,Dren,210,Movies,Unknown
Lord of the Rings,Saruman,196,Movies,m
Generic Zombies,Zombie Horde,190,Video games,Unknown  
Warcraft,Thrall,239,Video games,m
Outlast,Walrider,218,Video games,Unknown
Zack Snyder’s Justice League,Darkseid (Zack Snyder Movie),365.76,Movies,m
Half Life 2,Dr. Isaac Kleiner,178,Video games,m  
Yertle the turtle and other stories,Yertle the turtle,102,Comics,m
Ice Age: Dawn of the Dinosaurs,Rudy,2500,Movies,Unknown
Lord of the Rings,Lurtz,231,Movies,m
Killing Floor 1,The Patriarch,276,Video games,m
Team Fortress 2 TF2,SAXTON HALE!,221,Video games,m
Punch Out,Doc Louis,183,Video games,m
Punch Out,Super Macho Man,197,Video games,m
General Fantasy,Fantasy Satyr,189,Video games,m  
Left 4 Dead 1,Boomer (L4D1),202,Video games,Unknown
General Fantasy,Fantasy Human,175,Video games,Unknown
Punch Out,Soda Popinski,220,Video games,m
The Lorax,The Lorax,100,Comics,m  
Killing Floor 2,Bloat,245,Video games,Unknown
General Fantasy,Fantasy Zombie,173,Video games,Unknown
General Fantasy,Fantasy Succubus,161,Video games,f  
Punch Out,Mr Sandman,196,Video games,m
Punch Out,Glass Joe,178,Video games,m
Fallout 3,Super Mutant Behemoth (F03),505,Video games,Unknown
The Last Of Us 2,Bloater (TLOU2),232,Video games,Unknown  
Injustice (Zack Snyder),Steppenwolf,266.7,Movies,m
Injustice (Zack Snyder),Steppenwolf,266.7,Movies,m
How the Grinch stole Christmas!,"The Grinch (1957, 1966)",199,Comics,m
World of Warcraft,Voidwalker,79,Video games,Unknown
Punch Out,Little Mac,142,Video games,m
The Zax,Zax,109,Comics,Unknown  
Punch Out,Bear Hugger,191,Video games,m
Horton hears a Who! And other stories,Horton,402,Comics,m
Fallout 4,Dirty Settlement Bed (F04),113,Video games,Unknown
Code: Lyoko,"Elisabeth ""Sissi"" Delmas",165,TV,f  
There’s a wocket in my pocket!,Wocket,98,Comics,Unknown
Generic Zombies,Generic Zombie Sheriff,197,Video games,Unknown
Code: Lyoko,Jeremie Belpois,147,TV,m
Shrek,Dragon,3048,Movies,f
Marvel Comic,White Dragon II,170.18,Comics,Unknown
Code: Lyoko,Yumi Ishiyama,165,TV,f  
Digimon,Zudomon,400,TV,Unknown
Code: Lyoko,Aelita Schaeffer,145,TV,f
Code: Lyoko,Odd Della Robbia,143,TV,m
Digimon,Ikkakumon,250,TV,Unknown
Code: Lyoko,William Dunbar,170,TV,m
Code: Lyoko,Ulrich Stern,156,TV,m  
The Sucide Squad,Peacemaker,188,Movies,m
Fallout 76,Fallout 76: Weight Bench (Fallout),192,Video games,Unknown
The Bad Guys,Ms. Tarantula,20,Movies,f
The Bad Guys,Mr. Piranha,66,Movies,m  
HITMAN,Agent 47,188,Video games,m
The Bad Guys,Mr. Wolf,188,Movies,m
Batman: Arkham Knight,Scarecrow (Arkhamverse),182.88,Video games,m
Transformers Dark of the Moon,Optimus Prime,868.6800000000001,Movies,m
The Bad Guys,Diane Foxington,183,Movies,f
Scooby Doo: Mystery Incorporated,Velma Dinkley,165,TV,f  
Halloween is Grinch night,"The Grinch (1977, 2019)",200,TV,m
Gertrude Mcfuzz,Gertrude Mcfuzz,107,Comics,f
Final Fantasy XV,Prompto,173,Video games,m
The Bad Guys,Mr. Shark,241,Movies,m
The Bad Guys,Mr. Snake,144,Movies,m
Ponyo,Eanal,213.36,TV,f 
Fallout 4,Fallout 4: Pot Campfire (Fallout 4),197,Video games,Unknown
Final Fantasy XV,Glodiolus,198,Video games,m
Final Fantasy XV,Ignis,183,Video games,m
Assassins Creed Brotherhood,Leonardo Da Vinci,186,Video games,m  
Left 4 Dead 2,Zombie Clown (L4D2),196,Video games,Unknown
Left 4 Dead,Louis,199,Video games,m
Conker,Berri,193,Video games,f
minecraft,entity 303,200,Video games,Unknown
five nights at freddy,puppet,256.54,Video games,Unknown
gravity falls,bill cipher,238.76000000000002,TV,m  
five nights at freddy,withered golden freddy,236.22000000000003,Video games,Unknown
Assassins Creed Black Flag,Blackbeard,205,Video games,m
Hitman Series,Hitman: Agent 47,190,Video games,m
Final Fantasy VIII,Zell Dincht,168,Video games,m
Half Life 2 / Alyx,Civil Protection MetroPolice,185,Video games,Unknown  
Training Day (2002),Alonzo Harris,183.5,Movies,m
SCP Foundation,SCP-3456,3000,Comics,Unknown
Conker,Conker,93,Video games,m
Final Fantasy VIII,Quistis Trepe,168,Video games,f  
Final Final VIII,Squall Leonhart,177,Video games,m
Final Fantasy VIII,Rinoa Heartilly,163,Video games,f
doom enternal,dark lord,426.72,Video games,m
Assassins Creed Odyssey,Alexios,180,Video games,m
Dead or Alive,Marie Rose,147.32,Video games,f
The King of Fighters,Angel,168,Video games,f  
Far Cry Primal,Wolly Mammoth (Far Cry Primal),415,Video games,Unknown
Assassins Creed Rouge,Christopher Gist (AC Rouge),188,Video games,m
Final Fantasy,Tifa Lockhart,167.64000000000001,Video games,f
Sonic Adventure,Choas 0,100,Video games,Unknown
Kung Fu Panda,Po,187.96,Movies,m
Grinch,Grinch,205.74,TV,m
Poppy playtime,Huggy wuggy exe,520.6999999999999,Video games,m
Scpppppppppp,Troll,309.88,TV,Unknown
Sonic Adventure,Perfect Choas,3200,Video games,Unknown
Invader Zim,Zim,137.16,TV,m  
Grinch 2018,Max,66.04,Movies,m
Scp foundation,Scp 999,35.56,TV,Unknown
My Little Pony,Fluttershy,165,TV,f
My Little Pony,Rarity,128,TV,f
My Little Pony,Rainbow Dash,165,TV,f
My Little Pony,Applejack,171,TV,f  
Half Life 2 / Alyx,HL:A Alyx Vance,175,Video games,f
my little pony,discord,220.98000000000002,TV,m
Helluva Boss,Octavia,177.8,TV,f
Helluva Boss,Stolas,259.08,TV,m
GTA IV,GTAIV: LCPD State Police,197,Video games,Unknown
Assassins Creed 3,Charles Lee,193,Video games,m
Kung Fu Panda,Po,187.96,Movies,m  
Avatar: The Last Airbender,Roku,167.64000000000001,TV,m
Helluva Boss,Blitzø,167.64000000000001,TV,m
Hazbin Hotel,Niffty,117,TV,f
The Powerpuff Girls,Blossom,68.58,TV,f
Invader Zim,GIR,81.28,TV,m
Helluva Boss,Moxxie,137.16,TV,m  
Kamen Rider Kabuto (2006),Kamen Rider Kabuto,195,TV,m
Kamen Rider Agito (2001),Kamen Rider Agito,195,TV,m
TCITH,The cat in the hat,218.44000000000003,Comics,m  
Kamen Rider Series,Kamen Rider Black RX,188.9,TV,m
Pororo The Little Penguin,Loopy,110,TV,f
The Powerpuff Girls,Buttercup,68.58,TV,f
Helluva Boss,Verosika Mayday,198.12,TV,f  
Helluva Boss,Striker,175.26,TV,m
Pucca,Pucca,243.84,TV,f
Kamen Rider (1971),Kamen Rider 1 (Shin),180,TV,m
Total Drama,Jasmine,228.60000000000002,TV,f
Kamen Rider Series,Kamen Rider Black,208,TV,m  
Conker,Rodent,70,Video games,m
Hazbin Hotel,Valentino,365.76,TV,m
Pororo The Little Penguin,Harry,45,TV,m
Avatar: The Last Airbender,Ty Lee,167.64000000000001,TV,f
Kamen Rider Kuuga (2000),Kamen Rider Kuuga,200,TV,m
Hazbin Hotel,Vaggie,187.96,TV,f  
Avatar: The Last Airbender,Mai Zenin,170,TV,f
Pororo The Little Penguin,Pororo,118,TV,m
Hazbin Hotel,Husk,208.28,TV,m
Mcelligots pool,Thing a ma jigger,4500,Comics,Unknown  
Happy Tree Friends,Lumpy,170,TV,m
Happy Tree Friends,Cuddles,91.44,TV,m
Splatoon,Inkling,152.4,Video games,Unknown
Final Fantasy X,Tidus,179,Video games,m
Thomas and friends,Thomas,393.7,TV,m  
Kamen Rider Series,Kamen Rider,180,TV,m
Avatar: The Last Airbender,Azula,139.7,TV,f
Kamen Rider Black (1987),Kamen Rider Black,198,TV,m
Helluva Boss,Millie,137.16,TV,f
Kamen Rider Series,Kamen Rider Kuuga,200,TV,m
Happy Tree Friends,Giggles,72,TV,f
COD: Modern Warfare (2019),J12 (Modern Warfare 2019),214,Video games,Unknown  
Oh the thinks you can think!,Rink rinker fink,6709,Comics,Unknown
Kamen Rider 01 (2019),Kamen Rider Zero-One,196.5,TV,m
Pororo The Little Penguin,Petty,118,TV,f
Hazbin Hotel,Alastor,244,TV,m
Hazbin Hotel,Vox,220.98000000000002,TV,m
Kamen Rider Black RX (1988),Kamen Rider Black RX,198.8,TV,m  
Avatar: The Last Airbender,Zuko,160.02,TV,m
Kamen Rider Series,Kamen Rider Kabuto,205,TV,m
Blade Runner 2049,Officer K,183.5,Movies,m
Happy Tree Friends,Toothy,65,TV,m
Hazbin Hotel,Sir Pentious,243.84,TV,m
Kamen Rider Den-O (2007),Kamen Rider Den-O,190,TV,m
Pororo The Little Penguin,Poby,200,TV,m  
Conker,Great Mighty Poo,3800,Video games,m
Hazbin Hotel,Angel Dust,259.08,TV,m
Ice Climber,Ice Climbers,134,Video games,Unknown
Helluva Boss,Loona,220.98000000000002,TV,f  
Helluva Boss,Stella,281.94,TV,f
Kamen Rider Decade (2009),Kamen Rider Decade,192,TV,m
Blade Runner,Deckard,184.2,Movies,m
tato drama,chris,170.18,TV,m
Hazbin Hotel,Cherri Bomb,228.60000000000002,TV,f
The Powerpuff Girls,Princess Morbucks,63.5,TV,f  
Helluva Boss,Fizzarolli,180.34,TV,m
"Oh, the thinks you can think!",Vright,109,Comics,Unknown
Oh the thinks you can think!,Walking birds,166,Comics,Unknown
Kamen Rider 555 (2003),Kamen Rider Faiz,186,TV,m
Pororo The Little Penguin,Eddy,141,TV,m
The Powerpuff Girls,Bubbles,68.58,TV,f
Pororo The Little Penguin,Crong,95,TV,m  
Happy Tree Friends,Lammy,74,TV,f
Helluva Boss,Vortex,297.18,TV,m
Helluva Boss,Robo Fizz,175.26,TV,m
Happy Tree Friends,Fliqpy,65,TV,m
Happy Tree Friends,Splendid,74,TV,m
Happy Tree Friends,Flippy,75,TV,m
Happy Tree Friends,Cub,40,TV,m  
Happy Tree Friends,Mr. Pickels,37,TV,m
Happy Tree Friends,Sniffles,75,TV,m
Happy Tree Friends,Disco Bear,88,TV,m
Happy Tree Friends,Cro-Marmot,106,TV,m
Happy Tree Friends,Shifty,75,TV,m  
Happy Tree Friends,Mime,80,TV,m
Happy Tree Friends,Lifty,78,TV,m
Helluva Boss,Sallie May,157.48000000000002,TV,f
Happy Tree Friends,Pop,77,TV,m
Happy Tree Friends,The Mole,69,TV,m
Happy Tree Friends,Russell,89,TV,m
Happy Tree Friends,Petunia,77,TV,f  
Samurai Jack,The Scotsman (Samurai Jack),232,TV,m
Helluva Boss,Ozzie,568.96,TV,m
Happy Tree Friends,Flaky,77,TV,f 
Happy Tree Friends,Handy,76,TV,m
Happy Tree Friends,Nutty,75,TV,m
Samurai Jack,Scotsman (Samurai Jack),230,TV,m
Country ball,Japan,0.9,Comics,Unknown  
Invader Zim,Gaz,78.74000000000001,TV,f
Bfb,Pin,2.9,TV,Unknown
Invader Zim,Dib,99.06,TV,m
Ace Attourney,Athena Cykes,162.56,Video games,f  
Shrek/Puss in Boots,Puss in Boots,71.12,Movies,m
Cookie run kingdom,Milky-way cookie,2.6,Video games,Unknown
Alphabet lore,F (alphabet lore),1.1,TV,Unknown
BvS,Batman,190,Movies,m
BvS,Superman,190.5,Movies,m  
Arrow,Green Arrow,184,TV,m
MLP FIM,Smolder,176,TV,f
Wonder Woman,Wonder Woman,180,Movies,f
Resident Evil,Ashley Graham RE4 Remake,167.64000000000001,Video games,f  
Justice League,Martian Manhunter,196,Movies,m
Murder Drones,N,162.56,TV,f 
Jak 2,Sig (Jak 2),211,Video games,m
Bfb,Pen,2.6,TV,Unknown
Red Dead Redemption 2,John Marston,195,Video games,m
Aquaman,Aquaman,201,Movies,m
Tales of Symphonia,Lloyd Irving,173,Video games,m
Team Fortress 2,Gabe Newell,172,Video games,m  
Numberblocks,100,314.96000000000004,TV,Unknown
Scooby-Doo,Shaggy,190.5,TV,m
Justice League,Cyborg,188,Movies,m
The Flash,The Flash,178,TV,m
Overwatch 1,Orisa (Overwatch),227,Video games,f  
Overwatch,Mercy (Miko Skin),170,Video games,f
Assassins Creed Black Flag,Adewale,185,Video games,m
Assassins Creed Black Flag,Edward Kenway,188,Video games,m
Assassins Creed Black Flag,Jack Rackham,188,Video games,m
Mario,Weegee,158,Video games,m
Assassin's Creed Unity,Extremist Brute,203,Video games,Unknown  
Captain America: The Winter Soldier,Captain America,188,Movies,m
Minecraft,Warden,289.56,Video games,Unknown
Star Wars: Clone Wars,Arc Trooper (Star Wars),204,Movies,m
Marvel's Avengers,Thor,193,Movies,m
Jeepers Creepers,Jeepers Creepers,203.2,Movies,m  
Avengers: Endgame,Iron Man,185,Movies,m
Assassins Creed Black Flag,Charles Vane,194,Video games,m
Modern Warfare 2: Remastered,Vladimir Makarov,194,Video games,m
Dumb way to die,Cod,1.6,Video games,Unknown
Assassins Creed Black Flag,Julien Du Casse,204,Video games,m
Assassins Creed Black Flag,Bart Roberts,190,Video games,m  
Assassins Creed Odyssey,Spartan Brute (AC Odyssey),265,Video games,Unknown
Assassins Creed Black Flag,El Tiburon,227,Video games,m
Assassins Creed Black Flag,Benjamin Hornigold,193,Video games,m
Garten of Banban,Opila Bird,183,Video games,Unknown
Garten of Banban,Banban,250,Video games,Unknown  
Assassins Creed Odyssey,Spartan Brute 2 (AC Odyssey),251,Video games,Unknown
Assassins Creed Black Flag,The Jackdaw (Ship),4525,Video games,Unknown
Garten of Banban,Nabnab,163,Video games,Unknown
Garten of Banban,Captain Fiddles,72,Video games,m
Garten of Banban,Jumbo Josh,470,Video games,m
Uncharted 1,Eddy Raja,188,Video games,m  
Tales of Symphonia,Colette Brunel,158,Video games,f
Tales of Symphonia,Colette Brunel,158,Video games,f
Garten of Banban,Slow Seline,320,Video games,f
Resident Evil 2 Remake,Leon Scott Kennedy,180.34,Video games,m
Garten of Banban,Banbaleena,230,Video games,f
Fallout 4,Fallout 4: Dirty Broken Toilet,100,Video games,Unknown
The Owl House,Harpy Eda Clawthorne,231.14000000000001,TV,f
The Owl House,Eda Clawthorne,195.57999999999998,TV,f
Persona 5,Ren Amamiya,175,Video games,m
Fallout 4,Fallout 4: Metal Shelf 1,171,Video games,Unknown
Adventure Time,finn,160.02,TV,m  
Assassins Creed Odyssey,Medusa (AC Odyssey),245,Video games,f
Adventure Time,glob,18300.7,TV,m
Far Cry 5,Helicopter (Eden's Gate),366,Video games,Unknown
Fallout 4,Fallout 4: Chemistry Station,224,Video games,Unknown
Mega Man X,Alia,164,Video games,f
Far Cry 5,Semi Truck (Far Cry 5),420,Video games,Unknown
Fallout 4,Fallout 4: Long Old Lockers,216,Video games,Unknown  
Heavy Rain,Agent Norman Jayden FBI,195,Video games,m
regular show,rigby,119.38,TV,m
Persona 5,Makoto Nijima,164,Video games,f
Mega Man X,Mega Man X,160,Video games,m
Fallout 4,Fallout 4: Military Crate,80,Video games,Unknown
Half Life 2 / Alyx,Gordon Freeman,186,Video games,m
Teenage Mutant Ninja Turtles,The Shredder,210,TV,m
Fallout 4,Fallout 4: Junk Fence Gate,340,Video games,Unknown  
Fallout 4,Fallout 4: Forklift,305,Video games,Unknown
Hotline Miami/Payday 2,Jacket (Hotline Miami),200,Video games,m
God Of War Ragnarok,Thor (GoW: Ragnarok),250,Video games,m
Fallout 4,Fallout 4: Junk Doorway 2,308,Video games,Unknown
regler show,mordecai,190.5,TV,m
Adventure Time,jake The dog,144.78,TV,m
Far Cry 5,Tractor (Far Cry 5),280,Video games,Unknown  
Assassins Creed Odyssey,Alkibiades,192,Video games,m
Uncharted 4,Nathan Drake (Uncharted 4),192,Video games,m
My Little Pony FIM,Fluttershy's Bed,192,TV,Unknown
Persona 5,Makoto Nijima,164,Video games,f
Assassins Creed Odyssey,Spartan Hoplite (Veteran),215,Video games,Unknown
Adventure Time,The lich,1064.26,TV,m  
Far Cry 5,Faith Seed,180,Video games,f 
Far Cry 5,Red Truck (Far Cry 5),293,Video games,Unknown
God Of War Ragnarok,Heimdall,192,Video games,m
Assassins Creed Odyssey,Spartan Hoplite (Young),215,Video games,Unknown
Punch Out: Wii,Soda Popinski,255,Video games,m
Mighty Morphin' Power Rangers,Thunder Megazord,6200,TV,Unknown
DC- Earth 22,Batman Who Laughs,187.96,Comics,m  
Lord Of The Rings Series / The Hobbit,Stone Cave Troll,488,Movies,Unknown
Fallout 4,Fallout 4: Cooking Stove,227,Video games,Unknown
Fallout 4,Institute Office Chair,99,Video games,Unknown
Fallout New Vegas,Legate Lanius,232,Video games,m
Fallout 4,The Prydwen,3205,Video games,Unknown  
DC,Power Girl,180.34,Comics,f
Garten of banban,Nabnaleena,163,Video games,Unknown
Assassins Creed Odyssey,Pythagoras,175,Video games,m
Cogent Campaign,Elias,190,Video games,m
Assassins Creed Odyssey,Alexios (Trojan War Armor),211,Video games,m
Garten of banban,Tarta Bird,183,Video games,Unknown  
Resident Evil 2 Remake,William Birkin (Injured),180,Video games,m
Undertale,Asriel Dreemurr,122,Video games,m
Star Wars,General Grievous,216.3,Movies,m
Movie,Woddy,38.5,Movies,Unknown
Kirby,Morpho knight,175.26,Video games,Unknown
Fallout New Vegas,Fallout: Slot Machines Long,164,Video games,Unknown
Star Wars: The Clone Wars,Ahsoka Tano (Young),185,TV,f  
Fortnite,Mecha Team Leader,27432,Video games,Unknown
Fallout 76,Fallout 76: Office Trash Can,52,Video games,Unknown
D&D 5e,Thorkhan,225,Comics,Unknown
Watch Dogs 2,Watch Dogs 2: Wrench,186,Video games,m
DC,Black Canary,162.56,Comics,f
Animaniacs,Yakko,129.54,TV,m
DC,Kal-El One Million,200.66,Comics,m  
Ben 10: Ultimate Alien,Ultimate Waybig,26974.8,TV,m
Resident Evil 7 Biohazard,Jack Baker (Swamp Molded),198,Video games,m
Shrek,Donkey,140,Movies,m
Fallout 4,BloodBug (Average),209,Video games,Unknown
Resident Evil 2 Remake,William Birkin (Mutant),252,Video games,m
Gta san.andreas,Carl johnson,125,Video games,m  
World Of Warcraft,Giant Orc Warlord,327,Video games,m
Tom and Jerry,Jerry,7.62,TV,m
Helluva Boss,Stolas Goetia (Adult),317,TV,m
Resident Evil 4 Remake,Regenerator (Resident Evil 4),222,Video games,Unknown
Resident Evil 2 Remake,William Birkin (Human),180,Video games,m
Assassins Creed Odyssey,Sokrates,176,Video games,m  
Assassin's Creed Rouge,Benjamin Franklin,177,Video games,m
Lord Of The Rings Series,Stone Cave Troll,470,Movies,Unknown
Pacific Rim Uprising,Mega Kaiju,15000,Movies,Unknown
Star Wars,Jabba The Hutt,175,Movies,m
Star Wars,Lando Calrissian,178.2,Movies,m  
The Owl House,King Clawthorne,95,TV,m
Trevor Henderson,Cartoon Cat,370,TV,m
Toy Story,Sheriff Woody,39,Movies,m
Star Wars,Leia Organa,155.2,Movies,f
Tamagotchi!,Mametchi,50,Video games,Unknown
Star Wars,Chewbacca,228,Movies,m
Diddy Kong Racing,Diddy Kong,74,Video games,m  
Star Wars,Mace Windu,192,Movies,m
Star Wars,Tusken Raider,189.1,Movies,Unknown
Star Wars,Greedo,185,Movies,m
YonKaGor,Groupie,154.2,Comics,f
Star Wars,Jango Fett,193.2,Movies,m
Star Wars,Admiral Ackbar,180,Movies,m
Fallout 4,Bloated Glowing One Ghoul,224,Video games,Unknown  
Star Wars,MSE-6 Mouse Droid,25,Movies,Unknown
Teenage Mutant Ninja Turtles,Technodrome,33000,TV,Unknown
Teenage Mutant Ninja Turtles,Baxter Stockman (Fly),153,TV,m
Star Wars,The Mandalorian,180.9,Movies,m
Star Wars,First Order Stormtrooper,185,Movies,Unknown
(Unknown),Black Ops Cleanup Crew,194,Video games,Unknown
Doors,Ambush,150,Video games,Unknown
YonKaGor,Kenny (Sandbar ver.),151.2,Comics,m  
Teenage Mutant Ninja Turtles,Michelangelo (1987),164.2,TV,m
Star Wars,Han Solo,180.2,Movies,m
Toy Story,Sid Phillips,150,Movies,m
Star Wars,Luke Skywalker,172,Movies,m
Star Wars,Bib Fortuna,180,Movies,m
Star Wars,Jawa,100.1,Movies,Unknown
Star Wars,BB-8,79.1,Movies,Unknown  
Star Wars,C-3PO,177,Movies,m 
Far Cry 4,Pagan Min,191,Video games,m
Star Wars,Din Grogu,37.4,Movies,m
Star Wars,Slave I,2150.3,Movies,Unknown
Mr. Brown can moo. Can you?,Mr. Brown,60.96,Comics,m
Teenage Mutant Ninja Turtles,Rocksteady,204.2,TV,m
Fallout 4 / Fallout 76,Fallout 4: Tasty Flame Grill,168,Video games,Unknown
Star Wars,Ewok,100,Movies,Unknown  
Star Wars,X-Wing,1340.2,Movies,Unknown
evangelion,arael,1600000,Video games,Unknown
Star Wars,Han Solo (Carbonite),184.3,Movies,m
Star Wars,Lama Su,229,Movies,m
Teenage Mutant Ninja Turtles,Krang,52.2,TV,m
Star Wars,Rey Skywalker,171.3,Movies,f
evangelion,sandalphon,12000,Video games,Unknown
evangelion,matariel,140000,Video games,Unknown
Star Wars,TIE/LN Fighter,882,Movies,Unknown  
Star Wars,Kylo Ren,190.2,Movies,m
Star Wars,Patrol Trooper,185.8,Movies,Unknown
Star Wars,Snowtrooper,185.7,Movies,Unknown
Star Wars,Zam Wesell,168.2,Movies,f  
Star Wars,Shaak Ti,187,Movies,f
Star Wars,Captain Phasma,201,Movies,f
Toy Story,Andy Davis,121.9,Movies,m
Star Wars,Emperor's Royal Guard,183.7,Movies,Unknown
Star Wars,EG-6 Power Droid,110.1,Movies,Unknown
Star Wars,Commander Cody,183.2,Movies,m
Star Wars,Empire Stormtrooper,186,Movies,Unknown  
Star Wars,R4-P17,109.3,Movies,Unknown
Star Wars,IG-11,219.2,Movies,Unknown
Assassin's Creed Unity,Arno Dorian,180,Video games,m
Eddsworld,Tord,175.26,TV,m
Star Wars,GNK Power Droid,100.2,Movies,Unknown
Garfield,Garfield,109,Comics,m
Star Wars,TIE Pilot,185,Movies,Unknown  
Pacific Rim uprising,Raijin,10700,Movies,Unknown
Pacific Rim,Axehead,9000,Movies,Unknown
Pacific Rim uprising,Strikethorn,9000,Movies,Unknown
Object shows,Yellow bubble,54,TV,Unknown
Pacific Rim,Hardship,5700,Movies,Unknown  
Object Shows,Blue Leafy,59,TV,Unknown
Pacific Rim uprising,Hakuja,5300,Movies,Unknown
Pacific Rim,Karloff,8100,Movies,Unknown
Teenage Mutant Ninja Turtles,Chrome Dome,239.2,TV,m
Teenage Mutant Ninja Turtles,General Traag,219.1,TV,m
Infamous: Second Son,Delsin Rowe,194,Video games,m
toca life world,croquet,40,Video games,Unknown  
Rampage,Lizzie,4000,Movies,f
Object shows,Poop,49,TV,Unknown
Eeveelution Squad,Pearl,108,Comics,f
Teenage Mutant Ninja Turtles,Splinter,152.5,TV,m
Teenage Mutant Ninja Turtles,Groundchuck,218.2,TV,m
Teenage Mutant Ninja Turtles,Leatherhead,233,TV,m
Object shows,Green fiery,60,TV,Unknown  
Eeveelution Squad,Silvia,145,Comics,f
Teenage Mutant Ninja Turtles,Wingnut,184.2,TV,m
Helluva Boss,Collin (Cherub) (Taller),151,TV,m
Teenage Mutant Ninja Turtles,Metalhead,173,TV,Unknown  
Gremlins,Gremlin,61,Movies,Unknown
Teenage Mutant Ninja Turtles,Zorax,226,TV,m
Teenage Mutant Ninja Turtles,Slash,189.6,TV,m
Rampage,Ralph,1500,Movies,m
Teenage Mutant Ninja Turtles,Dirtbag,205,TV,m
Teenage Mutant Ninja Turtles,Krang's Android Body,291.3,TV,m
Eeveelution Squad,Speed,100,Comics,Unknown  
Eeveelution Squad,Black,130.6,Comics,Unknown
Teenage Mutant Ninja Turtles,April O'Neil,168,TV,f
Eeveelution Squad,Sunshine,40,Comics,Unknown
Teenage Mutant Ninja Turtles,Rat King,206.5,TV,m
Teenage Mutant Ninja Turtles,Tempestra,196.2,TV,f
Eeveelution Squad,Lazuli,100.4,Comics,Unknown
Assassins Creed Series,Agile Soldier (AC Brotherhood),199,Video games,Unknown  
Pacific Rim,Scunner,16500,Movies,Unknown
Pacific Rim the black,Atlas destroyer,7689,TV,Unknown
Assassins Creed Series,Arqebusier (Marksman),188,Video games,Unknown
Pacific Rim uprising,Saber Athena,7700,Movies,Unknown 
Star Wars,Grand Moff Tarkin,184.2,Movies,m
Assassin's Creed Series,Templar Black Guard Knight (1),199,Video games,Unknown
Pacific rim uprising,Valor omega,7200,Movies,Unknown
Pacific Rim uprising,Scrapper,1200,Movies,Unknown
Star Wars,Ahsoka Tano,177.7,Movies,f  
Star Wars,Raymus Antilles,188,Movies,m
Assassins Creed Brotherhood,Medieval Italian Knight Brute,221,Video games,Unknown
Star Wars,Garindan,185.3,Movies,m
Jurassic World,Indominus Rex,662.94,Movies,f
Catty & Rosie,Foxanne,153.4,Comics,f
Five Nights At Freddy's 4,Nightmare Fredbear,381,Video games,m  
Amanda The Adventurer,Amanda The Adventurer,146.4,Video games,f
Assassin's Creed Odyssey,Hekatonchires,1164,Video games,Unknown
Ice Age 3,Rudy,1066.8,Movies,Unknown
Pizza Tower,Peppino Spaghetti,152,Video games,m
Shrek,Lord Farquaad,146.3,Movies,m
Star Wars,Death Star II,20000000,Movies,Unknown
Friday Night Funkin,A.G.O.T.I.,195,Video games,Unknown  
Five Nights At Freddy's 4,Nightmare Fredbear,380,Video games,m
Amanda The Adventurer,Woolie,134.8,Video games,m
Fallout 4,Antique Dining Chair,122,Video games,Unknown
Assassin's Creed Origins,Ancient Egyptian Citizen,175,Video games,Unknown
Call Of Duty Black Ops 4,Tank Dempsey Ultimis,204,Video games,m
Assassin's Creed Unity,Extremist Defender,194,Video games,Unknown
Fallout 3,Fallout 3: Alien Abomination,203,Video games,Unknown  
Whack Your Boss,Your Boss,199,Video games,Unknown
Assassin's Creed Unity,French Rev Soldier,192,Video games,Unknown
Object shows,Black Yoshi,170,TV,m
Star Wars,Lobot,175.4,Movies,m
Half life,Strider,1500,Video games,Unknown
Medieval Conquest,Medieval Royal Throne (Big),224,Video games,Unknown  
Chad,Dr Livesey,232,TV,m
Assassin's Creed Odyssey,Exekias The Legend,285,Video games,m
Assassin's Creed Unity,Extremist Sniper,203,Video games,Unknown
Star Wars,Dengar,187.2,Movies,m
Star Wars,TC-14,168.3,Movies,f
Slender,Slenderman,510,Video games,m
Slender,Slenderman,510,Video games,m
Star Wars,Sy Snootles,185,Movies,f
Far Cry Primal,Neanderthal 1,163,Video games,Unknown
Back to the Future,Doc Brown,185,Movies,m
Star Wars,Max Rebo,150.2,Movies,m
Assassin's Creed Unity,Extremist Soldier,192,Video games,Unknown
Assassin's Creed Unity,Extremist Elite,201,Video games,Unknown
Fallout 76,Fallout 76 Vertibird,643,Video games,Unknown
Star Wars,Maz Kanata,124.4,Movies,f
Containment breach scp franchise,Scp 173,185.42,Video games,Unknown
Fallout New Vegas,Beast Legion,234,Video games,Unknown
Back to the Future,Marty McFly,163,Movies,m
Ace Ventura: Pet Detective,Ace Ventura,182.2,Movies,m
Fallout 4,Fallout: Warehouse Metal Door,224,Video games,Unknown
Godzilla (franchise),Snow Godzilla,25000,Movies,m
Assassin's Creed 3,George Washington (AC3),193,Video games,m
Fallout 4,Decontamination Arch,285,Video games,Unknown
E.T: The Extra Terrestrial,E.T,105,Movies,m
Fallout 4,Fallout 4: Pre War Desk,101,Video games,Unknown
Samurai Jack Season 5,Scaramouche,249,TV,m
Medieval Conquest,Medieval Royal Throne,204,Video games,Unknown
Fallout 76,Bed Of Nails (Fallout 76),186,Video games,Unknown
Fallout 3,Fallout 3: Alien Chair,168,Video games,Unknown  
Assassin's Creed Unity,Napoleon Boneparte,176,Video games,m
How To Train Your Dragon,Deadly Nadder,352,Movies,Unknown
The Powerpuff Girls,Buttercup,50.6,TV,f
Marvel,Taskmaster,187.96,Comics,m
The Simpsons,Maggie Simpson,68.58,TV,f
Ugandan Knuckles?,Ugandan Knuckles,43,TV,m
How To Train Your Dragon,Whispering Death,1945,Movies,Unknown
How To Train Your Dragon,Gronckle,524,Movies,m
Fallout 4,Fallout 4: Bear Trap,40,Video games,Unknown  
The Powerpuff Girls,Bubbles,55.6,TV,f
Street Fighter 6,Kimberly,167.64000000000001,Video games,f
How To Train Your Dragon,Green Death,12192,Movies,Unknown
Assassin's Creed Origins,Rudjek,184,Video games,m
Peekaboo Kidz,Dr Binocs,56,TV,m
Street Fighter 6,Manon,175.26,Video games,f  
Big Chungus,Big Chungus,1e+114,Video games,m 
How To Train Your Dragon,Hideous Zippleback,689,Movies,Unknown
The Simpsons,Marge Simpson,228.60000000000002,TV,f
Fallout 4,Fallout 4: Jet Drug/Chem,10,Video games,Unknown
How To Train Your Dragon,Screaming Death,1524,Movies,Unknown
Street Fighter 6,Luke,185.42,Video games,m
Assassin's Creed Valhalla,Ebels,221,Video games,Unknown  
The Simpsons,Lisa Simpson,115,TV,f
Assassin's Creed Origins,Khemu,134,Video games,m
Spider-Man: Across the Spider-Verse (2023),Gwen Stacy (ATSV),165.1,Movies,f
Assassin's Creed Valhalla,Flann Sinna,239,Video games,Unknown
Mortal Kombat,Shang Tsung,180.34,Video games,m
Street Fighter 6,Chun-Li (SF6),170.18,Video games,f  
The Raid 2,Rama,165.1,Movies,m
Benjamin Bubsy,DINO,12500,TV,Unknown
Eddsworld,Tordbot,1219.2,TV,Unknown
Spider-Man: Across the Spider-Verse (2023),Miguel O'Hara (ATSV),205.74,Movies,m
Street Fighter 6,Cammy (SF6),165.1,Video games,f
Spider-Man: Into the Spider-Verse (2018),Peter B. Parker (ITSV),182.88,Movies,m
Mortal Kombat,Mileena,175.26,Video games,f  
Star Wars,Padmé Amidala,165.3,Movies,f
IT (2017),Pennywise (2017),191.1,Movies,m 
Street Fighter 6,Juri Han (SF6),165.1,Video games,f
Spider-Man: Miles Morales,Miles Morales,176,Movies,m
Mortal Kombat,Kitana,175.26,Video games,f
Star Wars,Kit Fisto,196.1,Movies,m
Benjamin Bubsy,Baby Godzilla (Benjamin Bubsy),194,TV,m
Star Wars,Ki-Adi Mundi,198.2,Movies,m  
Benjamin Bubsy,Godzilla (Benjamin Bubsy),10858,TV,m
Puss In Boots: The Last Wish,Death,180,Movies,f
Benjamin Bubsy,Baby Shin Godzilla,190.5,TV,m
Assassin's Creed Valhalla,Surtr,408,Video games,m
Mortal Kombat,Liu Kang,177.8,Video games,m
Sonic: Nazo Unleashed,Nazo,119.9,TV,m
The Amazing Spider-Man #365,Spider-Man 2099 (616),177.8,Comics,m  
Bendy And The Ink Machine,Ink Demon,250,Video games,m
Street Fighter 6,Marisa,203.2,Video games,f
Mortal Kombat,Sonya Blade,177.8,Video games,f
Spider-Man: Into the Spider-Verse (2018),Kingpin (ITSV),335.28000000000003,Movies,m
Godzilla: King Of The Monsters,Titanus Scylla,9100,Movies,f
Doors,Timothy,30,Video games,m
Mortal Kombat,Kuai Lang,187.96,Video games,m
Mortal Kombat,Kenshi,185.42,Video games,m
Masterverse,Shinehorn (New Model),1524,Video games,Unknown  
Doors,Ambush,150,Video games,Unknown
Assassin's Creed Origins,Greco Egyptian Archer,204,Video games,Unknown
Mortal Kombat,Hanzo Hasashi,187.96,Video games,m 
Assassin's Creed,Templar Black Guard Knight (2),201,Video games,Unknown
Mortal Kombat,Sektor,187.96,Video games,m
Helluva Boss,Octavia Goetia,222,TV,f
The Boys,A-Train,183.5,TV,m
The Boys,Soldier Boy,182.88,TV,m
Elden Ring,Radagon,294.64,Video games,m
Underwater (2020),Cthulhu (2020),90000,Movies,Unknown  
The Boys,Kimiko Miyashiro,154.94,TV,f
The Boys,Billy Butcher,184.2,TV,m
The Flash (2023),Supergirl (2023),168.9,Movies,f
The Flash (2023),The Flash (2023),180.34,Movies,m
FNF,Fatal Error Sonic,310,Video games,m
The Boys,Mother's Milk,179.7,TV,m
Godzilla 2007 Always Sunset on Third Street 2,Godzilla 2007,6000,TV,m  
My Little Pony,Princess Celestia Statue,404,TV,Unknown
Fallout 4,Fallout: Warehouse Metal Door,224,Video games,Unknown
The Boys,Starlight,165.1,TV,f
The Boys,Queen Maeve,172.72,TV,f
Bloop,Bloop,47200,TV,Unknown
The Boys,Black Noir,187.96,TV,m
The Boys,Stormfront,154.94,TV,f  
The Boys,Hughie Campbell,186.1,TV,m
The Boys,The Deep,179.1,TV,m
Shin Godzilla,Shin Ghidorah,12500,Movies,Unknown
How To Train Your Dragon,Foreverwing,14020,Movies,Unknown
Shin Godzilla,Shin Godzilla 7th form,2988712837483829,Movies,m
Godzilla KOTM 2019,Mokele Mbembe,9440,Movies,Unknown
Godzilla KOTM 2019,Titanus Kraken,6500,Movies,Unknown  
The Flash (2023),Batman (2023),181.8,Movies,m
Godzilla KOTM 2019,Margygr,4000,Movies,Unknown
Gorefield Gameboy,Gorefield,320,Video games,m
Godzilla KOTM,Leviathan,7000,Movies,Unknown
Super Godzilla 1993,Super Godzilla,11000,Video games,m
Guardians of the Galaxy,Drax the Destroyer (MCU),190,Movies,m
Guardians of the Galaxy,Star-Lord (MCU),187.3,Movies,m
Godzilla NES Creepypasta Replay,Warlock,16682,Video games,Unknown  
Batman (1989),The Joker (1989),177,Movies,m
Godzilla KOTM 2019,Abaddon,8500,Movies,Unknown
Godzilla Vs Kong 2021,Mega Godzilla,14500,Movies,m
How To Train Your Dragon 2,Valka’s Bewilderbeast,16000,Movies,Unknown
Godzilla KOTM 2019,Amhuluk,10970,Movies,Unknown
Super Godzilla 1993,Bagan,15050,Video games,Unknown
Godzilla NES Creepypasta,RED 2nd Form,66660,Video games,Unknown  
Shin Godzilla,Shin Godzilla 3rd form,5700,Movies,m
Guardian of the Galaxy,Gamora,169,Movies,f
Angry Birds,Da Biggest Bird (normal size),55000,Movies,Unknown
Godzilla NES Creepypasta,RED,19760,Video games,Unknown
Godzilla KOTM 2019,Bunyip,7500,Movies,Unknown
Shin Godzilla,Shin Godzilla 5th Form,13050,Movies,m
Thor: Ragnarok,Surtur,100000,Movies,m  
Shin Godzilla,Shin Godzilla 1st form,1000,Movies,m
Thor,Jormungandr (largest size),3800000000,Movies,m
Clash of the Titans,Kraken (Clash of the Titans),6090,Movies,Unknown
Wrath of the Titans,Kronos,50000,Movies,m
Guardians of the Galaxy,Rocket Raccoon (MCU),107,Movies,m  
Godzilla KOTM 2019,Typhon,17500,Movies,Unknown
Godzilla KOTM (2019),Yamata No Orochi,30000,Movies,Unknown
Guardians of the Galaxy,Groot (MCU),239,Movies,m
Shin Godzilla,Shin Godzilla 2nd Form,2800,Movies,m
Godzilla KOTM 2019,Baphomet,6000,Movies,Unknown
How To Train Your Dragon 2,Drago’s Bewilderbeast,16000,Movies,Unknown  
El Gran Maja,El Gran Maja,65000,TV,Unknown
Guardians of the Galaxy,Mantis (MCU),180,Movies,f
Godzilla KOTM 2019,Quetzalcoatl,9500,Movies,Unknown
Guardians of the Galaxy,Nebula (MCU),178,Movies,f
Gears of War,Riftworm,1600000,Video games,Unknown
Godzilla Aftershock,Titanus Tiamat,33500,Comics,f
Shin Godzilla,Shin Godzilla 6th Form,18487,Movies,m
Godzilla KOTM 2019,Sekhmet,8000,Movies,f  
Skibidi Toilet,Cameraman,170.18,TV,m
Jak 2,Jak (Jak 2),180,Video games,m
Skibidi Toilet,Dual Buzzsaw Skibdi Toilet,700,TV,Unknown
Star Wars,Exogorth,90050,Movies,Unknown
God of War,Hyperion,47400,Video games,m
Skibidi Toilet,Medium Police Skibidi Toilet,200,TV,Unknown
Pillar,900 ft tall Pillar,27433,TV,Unknown
Roblox,Carl The Npc,251.46,Video games,m  
Star Wars,Imperial Navy Trooper,184,Movies,m
Bulletstorm,Hekaton,11756,Video games,Unknown
Godzilla: The Ride,Godzilla (The Ride),10050,Video games,m
Skibidi Toilet,Large Skibidi Toilet,1000,TV,Unknown
Pillar,500 ft tall Pillar,15241,TV,Unknown
Plants vs. Zombies,Cherry Bomb,155,Video games,Unknown
Star Wars,B1 Battle Droid (C-3PO Head),194,Movies,Unknown
Star Wars,Rebel Fleet Trooper,192,Movies,Unknown  
Star Wars,R5-D4,109.2,Movies,Unknown
Assassin's Creed Origins,Eudoros,185,Video games,m
Plants vs. Zombies,Sunflower,163,Video games,f
The Avengers #112 (June 1973),Mantis,167.64000000000001,Comics,f
Eeveelution Squad,Jirachi (ES),30,Comics,Unknown
Jurassic World Franchise,Buck,510,Movies,m
Minecraft,Elephant,243.84,Video games,Unknown  
The Punisher (2004),Frank Castle (2004),177.8,Movies,m
Skibidi Toilet,Titan Speakerman (Infected),3600,TV,m
Skibidi Toilet,Giant Skibidi Toilet,1300,TV,Unknown
NieR:Automata,2B,178,Video games,f
Clifford the Big Red Dog,Clifford,762,TV,m
Ice Age,Momma Dino,1700,Movies,Unknown
Spider-Man PS4,Spider-Man (PS4),177.8,Video games,m
Plants vs. Zombies,Snow Pea,165,Video games,Unknown  
Skibidi Toilet,Skibidi Urinal (f),70,TV,Unknown
Star Wars,Poe Dameron,172,Movies,m
Trolls,Queen Poppy,12.7,Movies,f
Skibidi Toilet,Large Speakerman,723.9,TV,m
Star Wars,Dr. Cornelius Evazan,177,Movies,m
Skibidi Toilet,Spider Woffer/Speaker,396,Video games,Unknown
Family Guy,Meg Griffin,142.24,TV,f  
Assassin's Creed Unity,Thomas De Carneillon,188,Video games,m
Skibidi Toilet,TV Woman,195.57999999999998,TV,f
Skibidi Toilet,Titan TV Man,4000,TV,m
Marvel,Marvel Godzilla,18400,Comics,m
Skibidi Toilet,Glass Skibidi Toilet,145,TV,Unknown
Star Wars,Imperial Gunner,188.2,Movies,Unknown
Greek Mythology,Scylla (mythology),24000,Movies,f  
Skibidi Toilet,Octo Skibidi Toilet,3200,TV,Unknown
Pillar,600 ft tall Pillar,18289,TV,Unknown
Skibidi Toilet,Speakerman,170.18,TV,m
Skibidi Toilet,Camo Skibidi Toilet,3.5,TV,Unknown  
Star Wars,Summa Verminoth,1200000,Movies,Unknown
Star Wars,R5-2JE,108.2,Movies,Unknown
Fallout 3,Butch Deloria,176,Video games,m
Star Wars,Finn,178,Movies,m
Skibidi Toilet,Skibidi Toilet,100,TV,Unknown
Godzilla vs Gigan Rex,Gigan Rex,10560,Movies,m
Strange Tales #180 (June 1975),Gamora,182.88,Comics,f  
Godzilla Aftershock,Dagon,10400,Comics,Unknown
Star Wars,Ponda Baba,185,Movies,m
Skibidi Toilet,Boss/G-Man Toilet,3600,Video games,m
Brightburn,Brandon Breyer,160.02,Movies,m
Skibidi Toilet,Large Cameraman,347.98,TV,m
Persona 5,Futaba,149.86,Video games,f
Skibidi Toilet,CCTV Toilet,100,TV,Unknown  
trevor henderson (fanmade),house head,2438.4,Comics,Unknown
Half-Life ALYX,HL:ALYX COMBINE SOLDIERS,224,Video games,Unknown
Skibidi Toilet,Blue Helmet Skibidi Toilet,100,TV,Unknown
Skibidi Toilet,Blue Helmet Skibidi Toilet,100,TV,Unknown
Monsterverse,Titanus Biollante,14250,TV,Unknown
Left 4 Dead 1,Bill Overbeck (Bloody),193,Video games,m
Star Wars,Leia Organa (Old),158.2,Movies,f
DC Comics,Superman (Comics),190.5,Comics,m
Night In The Woods,Mae Borowski,156,Video games,f
Superman,Superman (Comic),190.5,Comics,m
DC Comics,Batman (Comics),194,Comics,m
Star Wars,B2 Series Super Battle Droid,193.2,Movies,Unknown
Star Wars,D-O,48,Movies,Unknown
Skibidi Toilet,TV Man,230,Video games,m
Final Fantasy,Adamantoise,71300,Video games,Unknown
Dark Souls 3,Champion Gundyr,330,Video games,m
Star Wars,First Order TIE Pilot,185.7,Movies,Unknown
Tales to Astonish #13 (November 1960),Groot,701.04,Comics,m
Skibidi Toilet,Semi-Large Skibidi Toilet,300,TV,Unknown  
Skibidi Toilet,Large Police Skibidi Toilet,300,TV,Unknown
Total drama,Ezekiel,170.18,TV,m
Skibidi Toilet,Skibidi Urinal (m),70,TV,Unknown
Assassin's Creed Odyssey,Leonidas (Bust),80,Video games,m
Skibidi Toilet,Vacuum Skibidi Toilet,3000,TV,Unknown
The Terminator,T-800 (Endoskeleton),187.96,Movies,Unknown
Skibidi Toilet,Mutant Skibidi Toilet,810,TV,Unknown
Star Wars,General Armitage Hux,185.1,Movies,m  
Skibidi Toilet,Giant Robber Skibidi Toilet,2900,TV,Unknown 
Jurassic World Franchise,Carnotaurus,300,Movies,Unknown
Pokemon Tubers,SleepyJirachi,30.2,TV,Unknown
Godzilla vs Kong 2021,Titanus Doug,2000,Movies,Unknown
God of War,Perses,46500,Video games,m
Skibidi Toilet,Upgraded G-Man Skibidi Toilet,3500,TV,Unknown
Ice Age,Ellie,600,Movies,f
God of War,Gaia,43400,Video games,f
Godzilla vs Gigan Rex,Godzilla Jr (GR),10300,Movies,m  
Skibidi Toilet,Rocket Launcher Skibidi Toilet,850,TV,Unknown
Punisher: War Zone (2008),Frank Castle (2008),191.1,Movies,m
Skibidi Toilet,Black Helicopter Speaker,110,TV,Unknown
Persona 5,Haru Okumura,157.48000000000002,Video games,f
Skibidi Toilet,Normal Toilet,75,Video games,Unknown
Dune,Shai-Hulud,40000,TV,Unknown
Star Wars,DUM-Series Pit Droid,119,Movies,Unknown  
Assassin's Creed,Altaïr Ibn-La'Ahad,185,Video games,m
Godzilla vs Hedorah 2021,Hedorah 2021,10620,Movies,Unknown
Star Wars,Destroyer Droid/Droideka,183,Movies,Unknown
Booba,Booba,67.8,TV,m
Jurassic World Franchise,Indominus Rex,629,Movies,f
Skibidi Toilet,Glitch Skibidi Toilet,105,TV,Unknown
Pixar,Mor'du,420,Movies,m
Red Dead Redemption 2,Sadie Adler,190,Video games,f  
Chip n' Dale: Rescue Ranger,Gadget Hackwrench,12,TV,f
Max Payne,Max Payne,177.8,Video games,m
Total drama,Ezekiel,170.18,TV,m
Assassin's Creed Unity,Jacques De Molay,191,Video games,m
Star Wars,Sando Aqua Monster,20050,Movies,Unknown
Skibidi Toilet,Titan Speakerman,3600,TV,m
Plants vs. Zombies,Peashooter,165,Video games,Unknown  
Plants vs. Zombies,Browncoat Zombie,177,Video games,Unknown
Skibidi Toilet,Police Skibidi Toilet,100,TV,Unknown
Godzilla 2026,Godzilla 2026,12520,Movies,m
Ice Age,Sid,98.7,Movies,m
Trevor Henderson,Aircraft Shark,1800000,TV,Unknown
Godzilla X Kong,Orangukong,13050,Movies,Unknown
Night In The Woods,Mae Borowski,156,Video games,f
Star Wars,B1 Battle Droid,200,Movies,Unknown  
Jurassic World Franchise,Velociraptor (JW3),188,Movies,Unknown
Assassin's Creed 4 Black Flag,Stede Bonnet,176,Video games,m
Skibidi Toilet,Large TV Man,723.9,TV,m
trevor henderson (fanmade),house head,2438.4,Comics,Unknown
Skibidi Toilet,Upgraded Titan Cameraman,4200,TV,m
Skibidi Toilet,Large Scientist Cameraman,304.8,TV,m
Jurassic World Franchise,Blue,168,Movies,f  
Skibidi Toilet,Holy Skibidi Toilet,450,TV,Unknown
Captain America: Civil War,Black Panther 1st Suit (MCU),182.9,Movies,m
God of War,Odin,8800000,Video games,m
Skibidi Toilet,TV Man,195.57999999999998,TV,m
Aquaman,Karathen,1050000,Movies,Unknown
Night In The Woods,Gregg,163,Video games,m
Star Wars,4-LOM,167,Movies,m
Minecraft,Raccoon,22.86,TV,Unknown  
Star Wars,FN-2199,185.3,Movies,m
Cthulhu Mythos,Cthulhu,32000,Movies,m
Skibidi Toilet,Black Speakerman,170.18,TV,m
Invincible (2021),Invincible,180.34,TV,m
Godzilla vs Kong 2021,Titanus Doug (max size),9000,Movies,Unknown
Skibidi Toilet,DJ Skibidi Toilet,110,TV,Unknown
Minecraft,Horse,185.42,Video games,Unknown  
Skibidi Toilet,Cameraman,210,Video games,m
Marvel Preview #7 (Summer 1976),Rocket Raccoon,121.92,Comics,m
Plants vs. Zombies,Potato Mine,25,Video games,Unknown
Skibidi Toilet,Giant Flying Skibidi Toilet,1000,TV,Unknown
Skibidi Toilet,Mini Skibidi Toilet,20,TV,Unknown
Star Wars,Wedge Antilles,170,Movies,m
Star Wars,B1 Battle Droid,200,Movies,Unknown  
Mafia 2,Police Prison Transit Bus,335,Video games,Unknown
Jurassic World Franchise,Indominus Rex (Fully Grown),670,Movies,f