Category,Name,Height
ORL,Spud Webb,167.64
GSW,Gerald Madkins,193.04
PHX,Alvin Sims,193.04
VAN,Lee Mayberry,185.42
NJN,Elliot Perry,182.88
DAL,Hot Rod Williams,210.82
IND,Jonathan Bender,210.82
NJN,Anthony Johnson,190.5
HOU,Jason Collier,213.36
MIN,Loren Woods,215.9
CLE,Jason Kapono,203.2
ORL,Mario Kasun,215.9
NOK,Moochie Norris,185.42
ORL,Bo Outlaw,203.2
PHX,Jalen Rose,203.2
DET,Dale Davis,210.82
IND,David Harrison,213.36
LAC,Paul Davis,210.82
IND,Josh McRoberts,208.28
LAL,Luke Walton,203.2
LAL,Josh Powell,205.74
NYK,Cole Aldrich,210.82
GSW,Hilton Armstrong,210.82
DAL,Dwight Powell,210.82
MIL,Jorge Gutierrez,190.5
DAL,Gal Mekel,190.5
DEN,Gary Harris,193.04
DEN,Malik Beasley,195.58
SAC,Malachi Richardson,198.12
CHA,Miles Plumlee,210.82
BOS,Jabari Bird,198.12
SAS,Malik Rose,200.66
VAN,Terry Dehere,193.04
ORL,Derek Strong,205.74
DEN,Ryan Bowen,200.66
SAS,Jason Hart,187.96
LAL,Kareem Rush,198.12
CHI,Adrian Griffin,195.58
MIN,John Thomas,205.74
POR,Stephen Graham,198.12
CHA,Jermareo Davidson,208.28
HOU,Steve Novak,208.28
MIA,Yakhouba Diawara,200.66
LAL,Christian Eyenga,200.66
CHA,DeSagana Diop,213.36
SAC,Cole Aldrich,210.82
CHA,Christian Wood,210.82
DAL,DeAndre Liggins,198.12
MIA,Keith Askins,203.2
MIA,Duane Causwell,213.36
POR,Rick Brunson,193.04
PHX,Alton Ford,205.74
MIN,Darrick Martin,180.34
CLE,Ira Newble,200.66
MEM,Marko Jaric,200.66
GSW,Jeremy Lin,190.5
MIN,Brad Miller,213.36
GSW,Richard Jefferson,200.66
DAL,Shane Larkin,180.34
MIA,Greg Oden,213.36
WAS,Martell Webster,200.66
MIN,Adreian Payne,208.28
ORL,Marcus Georges-Hunt,198.12
OKC,Norris Cole,187.96
ORL,Arron Afflalo,195.58
LAC,Jerome Robinson,195.58
HOU,Thabo Sefolosha,198.12
VAN,Eric Mobley,210.82
DET,Don Reid,203.2
CLE,Antonio Lang,203.2
ORL,David Vaughn,205.74
DET,Rick Mahorn,208.28
MIN,Reggie Jordan,193.04
DET,Scot Pollard,210.82
ATL,Brian Oliver,193.04
PHX,Daniel Santiago,215.9
PHX,Chris Dudley,210.82
LAC,Keyon Dooling,190.5
PHI,Vonteego Cummings,190.5
DAL,Avery Johnson,180.34
ATL,Travis Hansen,198.12
SAS,Shane Heal,182.88
SAS,Sean Marks,208.28
BOS,Brian Scalabrine,205.74
PHX,Sean Marks,208.28
NJN,Sean Williams,208.28
POR,Jeff Ayres,205.74
MEM,Ish Smith,182.88
SAS,James Anderson,198.12
UTA,Ronnie Price,187.96
POR,Joel Freeland,208.28
PHI,Lorenzo Brown,195.58
CHI,Lou Amundson,205.74
BKN,Marquis Teague,187.96
SAS,Kyle Anderson,205.74
BOS,James Young,198.12
SAS,Derrick White,193.04
BOS,Semi Ojeleye,200.66
TOR,Malachi Richardson,198.12
ATL,Isaac Humphries,213.36
POR,Anfernee Simons,193.04
BOS,Semi Ojeleye,200.66
BOS,Robert Williams III,208.28
MEM,Yuta Watanabe,205.74
BOS,Javonte Green,193.04
GSW,Adonal Foyle,208.28
CLE,Samardo Samuels,205.74
MIL,Mark Pope,208.28
HOU,Jake Tsakalidis,218.44
ORL,Devyn Marble,198.12
PHX,Tony Dumas,198.12
WAS,God Shammgod,182.88
LAC,Charles Smith,193.04
CLE,Earl Boykins,165.1
POR,Gary Grant,190.5
TOR,Aleksandar Radojevic,220.98
GSW,Tim Legler,193.04
LAL,Devean George,203.2
GSW,Bill Curley,205.74
UTA,Quincy Lewis,200.66
WAS,Charles Oakley,205.74
ATL,Hiram Fuller,205.74
MIA,Qyntel Woods,203.2
NJN,Donnell Harvey,203.2
SAC,Greg Ostertag,218.44
UTA,Jarron Collins,210.82
LAL,Aaron McKie,195.58
SAC,Ronnie Price,187.96
NJN,Darrell Armstrong,185.42
ORL,JJ Redick,193.04
NYK,Randolph Morris,210.82
BOS,Brian Scalabrine,205.74
PHX,Robin Lopez,213.36
HOU,Hilton Armstrong,210.82
WAS,Larry Owens,200.66
DEN,Melvin Ely,208.28
DAL,Ian Mahinmi,210.82
DAL,Dominique Jones,195.58
MIA,Dexter Pittman,210.82
MIL,Ish Smith,182.88
NYK,Kurt Thomas,205.74
MEM,Chris Johnson,198.12
WAS,Glen Rice,198.12
ORL,Doron Lamb,193.04
DAL,Gal Mekel,190.5
BKN,Earl Clark,208.28
MIL,Johnny O'Bryant III,205.74
SAS,Jeff Ayres,205.74
GSW,Kevon Looney,205.74
MIL,Rashad Vaughn,198.12
TOR,Patrick McCaw,200.66
MEM,Julian Washburn,203.2
SAC,Gerald Wallace,200.66
NYK,Renaldo Balkman,203.2
LAC,Bobby Simmons,198.12
DET,Viacheslav Kravtsov,210.82
CLE,Chris Andersen,208.28
WAS,Gaylon Nickerson,190.5
PHX,Horacio Llamas,210.82
VAN,Rodrick Rhodes,198.12
DET,Eric Montross,213.36
UTA,Greg Foster,210.82
CHH,Scott Burrell,200.66
DET,Rodney White,205.74
SEA,Ansu Sesay,205.74
GSW,Zarko Cabarkapa,210.82
TOR,Rafael Araujo,210.82
MIN,Bracey Wright,190.5
SAS,Melvin Ely,208.28
HOU,Chuck Hayes,198.12
UTA,Morris Almond,198.12
MIL,Jon Brockman,200.66
NYK,Roger Mason Jr.,195.58
SAC,Aaron Gray,213.36
UTA,Chris Johnson,198.12
UTA,Jeff Withey,213.36
NYK,Maurice Ndour,205.74
HOU,Chinanu Onuaku,208.28
LAL,Andrew Bogut,213.36
HOU,RJ Hunter,195.58
CLE,Okaro White,203.2
TOR,Chris Boucher,208.28
UTA,Ed Davis,205.74
MIL,Chucky Brown,203.2
HOU,Tracy Moore,193.04
PHX,Toby Bailey,198.12
BOS,Eric Riley,213.36
MIA,Duane Causwell,213.36
LAL,Tyronn Lue,182.88
CHH,Matt Bullard,208.28
DET,Victor Alexander,208.28
LAC,Sean Rooks,208.28
ATL,Cal Bowdler,208.28
HOU,Bostjan Nachbar,205.74
LAC,Lionel Chalmers,182.88
CLE,Dajuan Wagner,187.96
ORL,Brandon Hunter,200.66
WAS,Michael Ruffin,203.2
DAL,Josh Powell,205.74
ORL,Travis Diener,185.42
CLE,Alan Henderson,205.74
DEN,DerMarr Johnson,205.74
LAL,Shammond Williams,185.42
UTA,Rafael Araujo,210.82
UTA,Jason Hart,190.5
IND,Stephen Graham,198.12
DET,Walter Herrmann,205.74
MEM,Hamed Haddadi,218.44
UTA,Sundiata Gaines,185.42
OKC,Kyle Weaver,198.12
GSW,Jeff Adrien,201
CHA,Eduardo Najera,203.2
DEN,Timofey Mozgov,215.9
WAS,Jan Vesely,210.82
PHI,Brandon Davies,208.28
WAS,Chris Singleton,205.74
UTA,Jamaal Tinsley,190.5
TOR,Dwight Buycks,190.5
WAS,Jason Smith,213.36
MIL,Jason Terry,187.96
MIA,Udonis Haslem,203.2
BOS,Tremont Waters,177.8
SEA,Calvin Booth,210.82
ORL,Daniel Orton,208.28
DAL,Bernard James,208.28
POR,Allen Crabbe,198.12
UTA,Stephen Howard,205.74
MIL,Jamie Feick,203.2
IND,Austin Croshere,205.74
CHI,Corey Benjamin,198.12
LAL,Sam Jacobson,193.04
WAS,Jahidi White,205.74
ATL,Drew Barry,195.58
PHX,Elliot Perry,182.88
DEN,Calbert Cheaney,200.66
DAL,Johnny Newman,200.66
ORL,Steven Hunter,208.28
SAS,Stephen Jackson,203.2
HOU,Dan Langhi,210.82
PHX,Joe Crispin,182.88
DAL,Evan Eschmeyer,210.82
TOR,Chris Jefferies,203.2
DEN,Devin Brown,195.58
MIN,Keith McLeod,187.96
NOH,Corsley Edwards,205.74
CHA,Bernard Robinson,198.12
PHI,Kevin Ollie,187.96
PHX,Pat Burke,210.82
NYK,Jerome James,215.9
SAC,Jason Hart,190.5
MIL,David Noel,198.12
TOR,Luke Jackson,200.66
HOU,Dikembe Mutombo,218.44
MEM,Greg Buckner,193.04
DAL,Devean George,203.2
OKC,Chucky Atkins,180.34
GSW,Jermareo Davidson,208.28
ATL,Solomon Jones,208.28
MIA,Jamaal Magloire,210.82
MEM,DeMarre Carroll,203.2
SAC,Kenny Thomas,200.66
MIA,Jamaal Magloire,210.82
NYK,Jared Jeffries,210.82
PHI,Tony Battie,210.82
PHI,Sam Young,198.12
HOU,Jeff Adrien,201
MIN,Shabazz Muhammad,198.12
PHI,James Nunnally,200.66
NOP,James Southerland,203.2
HOU,Francisco Garcia,200.66
SAC,Ryan Hollins,213.36
NOP,Jarrett Jack,190.5
LAC,Paul Pierce,200.66
SAS,Nicolas Laprovittola,193.04
DAL,Nicolas Brussino,203.2
ATL,Mike Scott,203.2
CHA,Briante Weber,187.96
PHX,Davon Reed,198.12
MIA,Derrick Jones Jr.,200.66
CHA,J.P. Macura,195.58
SAC,Caleb Swanigan,205.74
MIA,Ryan Anderson,208.28
POR,Skal Labissiere,210.82
GSW,Marcus Derrickson,200.66
PHI,Norvel Pelle,208.28
VAN,J.R. Henderson,203.2
WAS,Kevin Seraphin,205.74
SAS,Devin Gray,200.66
POR,Rumeal Robinson,187.96
POR,Marcus Brown,190.5
NJN,Lucious Harris,195.58
MIN,Andrae Patterson,205.74
MIN,Reggie Jordan,193.04
PHI,Stanley Roberts,213.36
TOR,Eric Montross,213.36
CHI,Fred Hoiberg,195.58
NJN,Zoran Planinic,200.66
IND,Marcus Haislip,208.28
TOR,Eric Williams,203.2
CHI,Adrian Griffin,195.58
POR,Dan Dickau,182.88
LAC,Daniel Ewing,190.5
MIA,Chris Quinn,187.96
CHI,Anthony Roberson,187.96
ATL,Acie Law,190.5
NYK,Mouhamed Sene,210.82
NYK,Eddy Curry,213.36
MEM,Keyon Dooling,190.5
MIL,Drew Gooden,208.28
ATL,John Jenkins,193.04
GSW,Ian Clark,190.5
SAC,Caron Butler,200.66
HOU,Gary Clark,203.2
CLE,Channing Frye,213.36
PHI,Frankie King,185.42
NJN,Michael Cage,205.74
CHI,Bill Wennington,213.36
POR,Jermaine O'Neal,210.82
PHX,Milt Palacio,190.5
SAS,Kevin Willis,213.36
MIN,Mark Madsen,205.74
MEM,Ryan Humphrey,203.2
DEN,Linas Kleiza,203.2
MIA,Wayne Simien,205.74
SAC,Corliss Williamson,200.66
NJN,Zoran Planinic,200.66
NOH,Hilton Armstrong,210.82
TOR,Jorge Garbajosa,205.74
MIA,Joel Anthony,205.74
DAL,Ryan Hollins,213.36
SAC,Desmond Mason,195.58
DET,Damien Wilkins,198.12
OKC,Nazr Mohammed,208.28
OKC,Hasheem Thabeet,220.98
PHI,Eric Maynor,190.5
NOP,Jimmer Fredette,187.96
NYK,Sasha Vujacic,200.66
IND,Goga Bitadze,210.82
DEN,Troy Daniels,193.04
GSW,J.R. Bremer,187.96
ATL,Donta Smith,200.66
SAC,Sean May,205.74
TOR,Rasual Butler,200.66
CHA,Jamario Moon,203.2
ORL,Ish Smith,182.88
NYK,Marcus Camby,210.82
DAL,Bernard James,208.28
MIA,Okaro White,203.2
DAL,Michael Kidd-Gilchrist,198.12
MIA,Willie Anderson,203.2
MIL,Andrew Lang,210.82
DET,Charles O'Bannon,195.58
PHI,Doug Overton,190.5
DEN,Popeye Jones,203.2
MIL,Rafer Alston,187.96
LAC,Zendon Hamilton,210.82
CHH,Hersey Hawkins,190.5
UTA,David Benoit,203.2
DET,Jud Buechler,198.12
MIN,Sam Mitchell,200.66
UTA,John Amaechi,208.28
PHX,Daniel Santiago,215.9
NOH,Stacey Augmon,203.2
SAS,Steve Kerr,185.42
MIL,Marcus Haislip,208.28
DAL,Travis Best,180.34
CHI,Chris Jefferies,203.2
CHA,Tamar Slay,203.2
LAL,Vlade Divac,215.9
DAL,Shawn Bradley,228.6
DET,Ronald Dupree,200.66
GSW,Will Bynum,182.88
SAC,Sergei Monia,203.2
NYK,Ime Udoka,195.58
NOK,Cedric Simmons,205.74
WAS,Oleksiy Pecherov,213.36
MEM,Darius Miles,205.74
WAS,Cartier Martin,200.66
CHA,Cory Higgins,195.58
NJN,DeShawn Stevenson,195.58
BOS,Ryan Hollins,213.36
CLE,Luke Harangody,200.66
GSW,Andris Biedrins,213.36
LAL,Andrew Goudelock,190.5
BKN,Mirza Teletovic,205.74
POR,Ronnie Price,187.96
PHI,Kwame Brown,210.82
CLE,Kevin Jones,203.2
ORL,DeQuan Jones,203.2
OKC,Perry Jones III,210.82
UTA,John Lucas III,180.34
DET,Quincy Miller,205.74
HOU,Montrezl Harrell,203.2
LAC,Wesley Johnson,200.66
MIN,Adreian Payne,208.28
CHA,Johnny O'Bryant III,205.74
WAS,Gary Payton II,190.5
POR,Jaylen Hoard,203.2
MIL,D.J. Wilson,208.28
BOS,Semi Ojeleye,198.12
IND,TJ Leaf,208.28
NOH,Maurice Carter,195.58
POR,Vincent Askew,198.12
WAS,Harvey Grant,205.74
CHH,Dale Ellis,200.66
PHX,Toby Bailey,198.12
VAN,Obinna Ekezie,205.74
UTA,Quincy Lewis,200.66
DAL,Obinna Ekezie,205.74
POR,Erick Barkley,185.42
DAL,Raja Bell,195.58
WAS,Mitchell Butler,195.58
PHI,Greg Buckner,193.04
ORL,Mario Kasun,213.36
NOH,Maciej Lampe,210.82
NJN,Billy Thomas,195.58
SAS,Dion Glover,195.58
DET,Elden Campbell,213.36
UTA,CJ Miles,198.12
ORL,Travis Diener,185.42
ATL,Solomon Jones,208.28
UTA,Ronnie Price,187.96
WAS,Etan Thomas,208.28
PHX,Dee Brown,182.88
NOH,Melvin Ely,208.28
ATL,Joe Smith,208.28
MIA,Joel Anthony,205.74
ORL,Chris Duhon,185.42
NOH,David Andersen,210.82
MEM,Xavier Henry,198.12
IND,Sam Young,198.12
IND,Dominic McGuire,205.74
POR,Meyers Leonard,215.9
DET,Josh Harrellson,208.28
BKN,Jerome Jordan,213.36
CHA,Jannero Pargo,185.42
DET,Reggie Bullock,200.66
DEN,Axel Toupane,200.66
MIN,Tayshaun Prince,205.74
CHA,Brian Roberts,185.42
SAS,Dejounte Murray,195.58
UTA,Ekpe Udoh,208.28
CLE,Ante Zizic,210.82
IND,Joe Young,187.96
DET,Jose Calderon,190.5
SAC,Duane Causwell,213.36
DAL,Martin Muursepp,205.74
UTA,Jacque Vaughn,185.42
TOR,Eric Montross,213.36
ORL,Andrew DeClercq,208.28
LAL,Luke Walton,203.2
WAS,Torraye Braggs,203.2
MIN,Ervin Johnson,210.82
ATL,Michael Stewart,208.28
BOS,Kendrick Perkins,208.28
PHI,Matt Barnes,200.66
MEM,Brian Cardinal,203.2
LAL,Jim Jackson,198.12
GSW,C.J. Watson,187.96
TOR,Joey Graham,200.66
SAS,Anthony Tolliver,203.2
ATL,Jeff Teague,187.96
CHI,Chris Richard,205.74
LAC,Grant Hill,203.2
SAS,Matt Bonner,208.28
PHX,Archie Goodwin,195.58
LAC,Luc Mbah a Moute,203.2
WAS,Tomas Satoransky,200.66
DET,Henry Ellenson,210.82
LAL,Gary Payton II,190.5
NOP,Andrew Harrison,198.12
TOR,Benoit Benjamin,213.36
MIA,Blue Edwards,193.04
UTA,Todd Fuller,210.82
DET,Korleone Young,200.66
ORL,Anthony Parker,198.12
CHI,Dragan Tarlac,210.82
MIN,Dean Garrett,210.82
CHI,Paul Shirley,208.28
ORL,Desmond Penigar,200.66
ATL,Kevin Willis,213.36
POR,Richie Frahm,195.58
LAL,Slava Medvedenko,208.28
CHA,Lonny Baxter,203.2
NJN,Lamond Murray,200.66
DET,Carlos Delfino,198.12
PHX,Brian Grant,205.74
SAS,Austin Croshere,208.28
PHX,Stromile Swift,208.28
MIA,James Jones,203.2
LAC,Ryan Hollins,213.36
UTA,Rudy Gobert,215.9
ATL,Mike Muscala,210.82
IND,Glenn Robinson III,200.66
MEM,Briante Weber,187.96
OKC,Hamidou Diallo,195.58
WAS,Wesley Johnson,200.66
SEA,David Wingate,195.58
VAN,Moochie Norris,187.96
DAL,Bubba Wells,195.58
HOU,Bryce Drew,190.5
PHI,Harvey Grant,205.74
SEA,Greg Foster,210.82
MIA,Rex Walters,193.04
DEN,Ryan Bowen,200.66
PHI,Raja Bell,195.58
TOR,Jermaine Jackson,195.58
BOS,Kedrick Brown,200.66
TOR,Roger Mason Jr.,195.58
WAS,Laron Profit,195.58
HOU,Rod Strickland,190.5
ATL,Royal Ivey,190.5
SEA,Eddie Gill,182.88
SAS,Robert Horry,208.28
SAC,Donte Greene,210.82
LAL,Shannon Brown,193.04
DEN,Kosta Koufos,213.36
ORL,Earl Clark,208.28
OKC,Reggie Jackson,190.5
BOS,Keyon Dooling,190.5
ORL,Ronnie Price,187.96
HOU,Clint Capela,208.28
LAC,Hedo Turkoglu,208.28
CLE,James Jones,203.2
OKC,Kyle Singler,203.2
SAS,Ray McCallum,190.5
OKC,Nick Collison,208.28
DET,Darrun Hilliard,198.12
POR,Brian Roberts,185.42
WAS,Drew Gooden,208.28
DET,Rick Mahorn,208.28
CHI,Dickey Simpkins,205.74
GSW,Felton Spencer,213.36
SAS,Sean Marks,208.28
TOR,John Long,195.58
MIL,Ricky Pierce,193.04
MIN,Bill Curley,205.74
WAS,Tim Legler,193.04
DEN,Tyson Wheeler,177.8
VAN,Brent Price,185.42
NJN,Michael Cage,205.74
MIL,Jerome Kersey,200.66
IND,Derrick McKey,208.28
DEN,Dan McClintock,213.36
HOU,Tierre Brown,187.96
DET,Ratko Varda,215.9
POR,Steve Kerr,190.5
DEN,Carlos Arroyo,187.96
WAS,Bobby Simmons,198.12
WAS,Bobby Simmons,198.12
ORL,Jeryl Sasser,198.12
MIN,Oliver Miller,205.74
UTA,Keon Clark,210.82
CHI,Rick Brunson,193.04
BOS,Dana Barros,180.34
CHI,Lawrence Funderburke,205.74
PHX,Walter McCarty,208.28
ORL,Stacey Augmon,203.2
ORL,Andre Barrett,177.8
UTA,Kris Humphries,205.74
NJN,Jacque Vaughn,185.42
BOS,Theo Ratliff,208.28
MEM,Andre Brown,205.74
ORL,Marcin Gortat,213.36
PHI,Donyell Marshall,205.74
PHX,Alando Tucker,198.12
DET,Walter Herrmann,205.74
DAL,Shawne Williams,205.74
CHI,Acie Law,190.5
SAS,Ian Mahinmi,210.82
OKC,Ryan Bowen,205.74
OKC,Mike Wilks,177.8
ATL,Damien Wilkins,198.12
DET,Walker Russell,182.88
POR,Craig Smith,200.66
HOU,Courtney Fortson,180.34
CLE,Mychel Thompson,198.12
WAS,Morris Almond,198.12
TOR,Solomon Alabi,215.9
SAS,James Anderson,198.12
IND,Kyrylo Fesenko,215.9
NOH,Xavier Henry,198.12
CHA,Reggie Williams,201
HOU,Greg Smith,208.28
ORL,Jason Maxiell,200.66
DAL,Raymond Felton,185.42
SAC,James Anderson,198.12
MEM,Jordan Adams,195.58
LAL,Marcelo Huertas,190.5
CLE,Jordan McRae,195.58
ORL,Adreian Payne,208.28
POR,Meyers Leonard,215.9
DET,Kay Felder,175.26
DEN,Juancho Hernangomez,205.74
CLE,Kendrick Perkins,208.28
DAL,Daryl Macon,190.5
DAL,Ryan Broekhoff,200.66
ATL,Justin Anderson,198.12
DET,Kalin Lucas,185.42
NOK,Hilton Armstrong,210.82
MIL,Malik Allen,208.28
MIA,Joel Anthony,205.74
SAS,Matt Bonner,208.28
WAS,Kelly Oubre Jr.,200.66
PHI,Christian Wood,210.82
GSW,Anderson Varejao,210.82
ATL,Chris Crawford,205.74
OKC,Robert Swift,215.9
LAC,Reggie Evans,203.2
TOR,Hubert Davis,195.58
ATL,Anthony Miller,205.74
HOU,Matt Bullard,208.28
SAC,Chris Robinson,195.58
UTA,Thurl Bailey,210.82
LAL,Tyronn Lue,182.88
SAS,Jerome Kersey,200.66
VAN,Doug West,198.12
PHI,Todd MacCulloch,213.36
IND,Sam Perkins,205.74
MIL,Joel Przybilla,215.9
MIL,Jason Caffey,203.2
LAC,Earl Boykins,165.1
ATL,Emanual Davis,195.58
DEN,Ryan Bowen,205.74
HOU,Mark Jackson,190.5
MIA,Loren Woods,218.44
LAL,Bryon Russell,200.66
NYK,Frank Williams,190.5
LAL,Luke Walton,203.2
DET,Carlos Delfino,198.12
UTA,Curtis Borchardt,213.36
NJN,Jabari Smith,210.82
NYK,Anfernee Hardaway,200.66
DAL,Greg Buckner,193.04
BOS,Brian Scalabrine,205.74
GSW,Renaldo Major,200.66
PHX,Marcus Banks,187.96
GSW,Austin Croshere,208.28
IND,Andre Owens,193.04
DAL,Gerald Green,203.2
SAS,Desmon Farmer,195.58
NYK,Joe Crawford,195.58
DET,Chucky Atkins,180.34
ATL,Josh Powell,205.74
TOR,Julian Wright,203.2
GSW,Acie Law,190.5
WAS,Shelvin Mack,190.5
NJN,Keith Bogans,195.58
CLE,Alonzo Gee,198.12
MIA,Toney Douglas,187.96
CHI,Tony Snell,200.66
CHA,Jeffery Taylor,200.66
LAL,Robert Sacre,213.36
PHI,Kendall Marshall,193.04
LAC,Chuck Hayes,198.12
WAS,Devin Robinson,203.2
OKC,Patrick Patterson,205.74
BKN,Nik Stauskas,198.12
HOU,Tarik Black,205.74
MEM,Dusty Hannahs,193.04
NYK,Isaiah Hicks,205.74
CHI,Timothe Luwawu-Cabarrot,198.12
GSW,Alen Smailagic,208.28
HOU,Ryan Anderson,205.74
PHI,Raul Neto,185.42
LAL,Quinn Cook,185.42
CLE,Matthew Dellavedova,190.5
DEN,Yakhouba Diawara,200.66
DAL,Devean George,203.2
HOU,Mike Harris,198.12
BOS,Troy Murphy,210.82
PHI,Arnett Moultrie,208.28
MIL,Tyler Ennis,190.5
LAL,Travis Wear,208.28
POR,Jermaine O'Neal,210.82
UTA,Chris Morris,203.2
LAL,Mario Bennett,205.74
SEA,Aaron Williams,205.74
DEN,Keon Clark,210.82
DAL,Gary Trent,203.2
PHX,Vinny Del Negro,193.04
TOR,Tracy Murray,200.66
LAC,Tremaine Fowlkes,203.2
SEA,Randy Livingston,193.04
ORL,Jaren Jackson,198.12
PHI,Derrick McKey,208.28
DEN,John Crotty,185.42
PHX,Scott Williams,208.28
ORL,Pat Burke,210.82
MEM,Michael Dickerson,195.58
PHX,Maciej Lampe,210.82
SEA,Donyell Marshall,205.74
NOH,Melvin Ely,208.28
LAC,Ricky Davis,200.66
CLE,Leon Powe,203.2
PHX,Ronnie Price,187.96
SAS,Patty Mills,182.88
POR,Victor Claver,205.74
IND,Jeff Ayres,205.74
ATL,Anthony Tolliver,203.2
IND,Ian Mahinmi,210.82
MEM,Wayne Selden,195.58
LAC,Sam Dekker,205.74
MIL,Shabazz Muhammad,198.12
MIL,Sterling Brown,198.12
CHA,Treveon Graham,195.58
NYK,Lance Thomas,203.2
GSW,Jordan Bell,205.74
HOU,Nene,210.82
NJN,Evan Eschmeyer,210.82
VAN,Felipe Lopez,198.12
ATL,Hanno Mottola,210.82
MEM,Nick Anderson,198.12
LAL,Slava Medvedenko,208.28
PHX,Donnell Harvey,203.2
DET,Lindsey Hunter,187.96
PHX,Brian Skinner,205.74
DAL,Jerry Stackhouse,198.12
PHI,Jodie Meeks,193.04
OKC,DJ White,205.74
MIA,Terrel Harris,193.04
IND,Orlando Johnson,195.58
TOR,Quincy Acy,200.66
HOU,Joey Dorsey,205.74
LAL,Anthony Brown,200.66
PHI,Shake Milton,198.12
BKN,Dzanan Musa,205.74
WAS,Loy Vaught,205.74
NJN,Vladimir Stepania,213.36
DEN,Nikoloz Tskitishvili,213.36
UTA,Greg Ostertag,218.44
LAC,James Singleton,203.2
DAL,DeSagana Diop,213.36
GSW,Anthony Roberson,187.96
SAS,Jacque Vaughn,185.42
LAL,Josh McRoberts,208.28
DAL,Rodrigue Beaubois,187.96
PHI,Jarvis Varnado,205.74
BKN,Jason Terry,187.96
PHX,Alan Williams,203.2
MIN,Tyus Jones,187.96
LAL,Ivica Zubac,215.9
CHA,Caleb Martin,195.58
VAN,Pete Chilcutt,208.28
PHI,Mark Davis,200.66
BOS,Pervis Ellison,205.74
LAC,Keith Closs,220.98
NJN,Brian Evans,203.2
DET,Eric Montross,213.36
LAC,Darrick Martin,180.34
CHA,Cory Alexander,185.42
DEN,Francisco Elson,213.36
TOR,Pape Sow,208.28
HOU,Jon Barry,195.58
LAC,Zeljko Rebraca,213.36
PHI,Lou Williams,185.42
TOR,Kris Humphries,205.74
UTA,CJ Miles,198.12
CHI,Shannon Brown,193.04
ATL,Salim Stoudamire,185.42
NJN,Chris Douglas-Roberts,200.66
CHA,Sean May,205.74
SAC,Ime Udoka,195.58
PHI,Rodney Carney,200.66
NJN,Mario West,195.58
GSW,Mikki Moore,213.36
CHA,Jannero Pargo,185.42
MIN,Nikola Pekovic,210.82
SAS,Andre Miller,190.5
POR,Wade Baldwin IV,193.04
NOP,Solomon Hill,200.66
MIA,Malik Allen,208.28
NOP,Tony Allen,193.04
WAS,Calvin Booth,210.82
SEA,Danny Fortson,203.2
MIL,Jiri Welsch,200.66
NYK,Renaldo Balkman,203.2
BOS,Calbert Cheaney,200.66
DAL,Danny Manning,208.28
PHX,Casey Jacobsen,198.12
TOR,Nate Huffman,215.9
WAS,Lonny Baxter,203.2
PHI,Zendon Hamilton,210.82
BOS,Brandon Hunter,200.66
LAC,Glen Rice,203.2
UTA,Kirk Snyder,198.12
NJN,Josh Boone,208.28
CLE,Daniel Gibson,187.96
MIN,Rashad McCants,193.04
DET,Arron Afflalo,195.58
MIL,Joe Alexander,203.2
NOH,Aaron Gray,213.36
SAC,Jon Brockman,200.66
SAS,Danny Green,198.12
IND,Solomon Jones,208.28
MIL,Larry Sanders,210.82
TOR,Justin Dentmon,180.34
IND,AJ Price,187.96
MIA,Rashard Lewis,208.28
POR,CJ McCollum,193.04
PHI,Furkan Aldemir,208.28
UTA,Joe Ingles,203.2
DAL,Salah Mejri,218.44
ATL,Andrew White III,200.66
DAL,Jalen Jones,200.66
MIN,Cameron Reynolds,203.2
IND,Kyle O'Quinn,208.28
LAC,Luc Mbah a Moute,203.2
MIN,Evan Turner,198.12
DAL,Ryan Broekhoff,198.12
DEN,PJ Dozier,198.12
BKN,Theo Pinson,195.58
PHI,Matisse Thybulle,195.58
SAC,Lionel Simmons,200.66
SAC,Mark Hendrickson,205.74
CHI,Will Perdue,213.36
CHI,Corey Benjamin,198.12
CLE,Cedric Henderson,200.66
DAL,Vernon Maxwell,193.04
PHI,Rodney Buford,195.58
GSW,Adonal Foyle,208.28
ORL,Brian Cook,205.74
MIA,Jamaal Magloire,210.82
TOR,Roko Ukic,195.58
CHA,Theo Ratliff,208.28
LAL,Chris Duhon,185.42
LAC,Willie Green,190.5
CHI,Justin Holiday,198.12
MIN,Brandon Rush,198.12
ATL,Jose Calderon,190.5
CHI,Paul Zipser,203.2
GSW,Damion Lee,198.12
BOS,Grant Williams,198.12
CHI,Bill Wennington,213.36
SEA,Larry Stewart,203.2
PHI,Eric Snow,190.5
ORL,Don Reid,203.2
PHX,John Wallace,205.74
SAS,Danny Ferry,208.28
LAC,Doug Overton,190.5
GSW,Rodney White,205.74
CLE,Luke Harangody,200.66
MIA,Joel Anthony,205.74
SAC,Francisco Garcia,200.66
BOS,Phil Pressey,180.34
ORL,Dewayne Dedmon,213.36
WAS,Kevin Seraphin,208.28
NYK,Metta World Peace,200.66
DEN,JaVale McGee,213.36
PHX,Chase Budinger,200.66
CHA,Troy Daniels,193.04
DET,Eric Moreland,208.28
LAC,Johnathan Motley,208.28
ORL,Moritz Wagner,210.82
OKC,Alex Abrines,198.12
IND,Fred Hoiberg,193.04
WAS,Ledell Eackles,195.58
POR,Kelvin Cato,210.82
POR,Greg Anthony,185.42
CHH,Robert Traylor,203.2
SEA,Shammond Williams,185.42
CHI,Dalibor Bagaric,215.9
UTA,Tom Gugliotta,208.28
CHI,Othella Harrington,205.74
NOH,Mike James,187.96
DEN,Johan Petro,213.36
NYK,Jonathan Bender,213.36
CLE,Semih Erden,210.82
POR,Kurt Thomas,205.74
CLE,Omri Casspi,205.74
ORL,Hedo Turkoglu,208.28
DEN,Evan Fournier,198.12
PHI,Casper Ware,177.8
ORL,Luke Ridnour,187.96
MIA,Luke Babbitt,205.74
IND,Lavoy Allen,205.74
LAL,Alex Caruso,195.58
POR,Caleb Swanigan,205.74
WAS,Terry Davis,205.74
IND,Chris Mullin,200.66
CHI,Cristiano Felicio,208.28
CHI,Randy Brown,187.96
CHH,B.J. Armstrong,187.96
MIN,Tom Hammonds,205.74
CHI,Rusty LaRue,190.5
CLE,Trajan Langdon,190.5
LAL,Mike Penberthy,190.5
DET,Michael Curry,195.58
ATL,Mamadou N'diaye,213.36
CLE,Ira Newble,200.66
CHA,Theron Smith,203.2
WAS,Steve Blake,190.5
LAL,Sasha Vujacic,200.66
HOU,Dikembe Mutombo,218.44
NJN,Derrick Zimmerman,190.5
NJN,Clifford Robinson,208.28
NOK,Linton Johnson,203.2
LAL,Chris Mihm,213.36
SAC,Shelden Williams,205.74
NOH,Antonio Daniels,193.04
DET,Amir Johnson,205.74
NJN,Trenton Hassell,195.58
DET,Kwame Brown,210.82
NYK,Henry Walker,198.12
DET,Jason Maxiell,200.66
UTA,DeMarre Carroll,203.2
SAC,Travis Outlaw,205.74
MEM,Austin Daye,210.82
DET,Chauncey Billups,190.5
DEN,Jan Vesely,213.36
CLE,Anthony Bennett,203.2
DET,Jonas Jerebko,208.28
UTA,Bryce Cotton,185.42
TOR,Tyler Hansbrough,205.74
DET,Reggie Bullock,200.66
MIL,Gary Payton II,190.5
IND,Edmond Sumner,193.04
PHX,Jevon Carter,185.42
CLE,Alfonzo McKinnie,200.66
CLE,Dante Exum,195.58
BKN,Chris Chiozza,180.34
CHI,Shaquille Harrison,200.66
BKN,Rodions Kurucs,205.74
CLE,Mitchell Butler,195.58
ORL,Pat Garrity,205.74
SAS,Beno Udrih,190.5
IND,Travis Diener,185.42
IND,Lou Amundson,205.74
ATL,Miles Plumlee,210.82
GSW,Todd Fuller,210.82
LAC,Stojko Vrankovic,218.44
DAL,Eric Riley,213.36
HOU,Tony Massenburg,205.74
MEM,Ike Austin,208.28
SAC,Damon Jones,190.5
UTA,Mo Williams,185.42
UTA,Sasha Pavlovic,200.66
NJN,Zoran Planinic,200.66
BOS,Delonte West,193.04
DAL,Doug Christie,198.12
IND,Keith McLeod,187.96
LAC,Quinton Ross,198.12
LAC,Bobby Brown,187.96
MIN,Oleksiy Pecherov,213.36
SAS,Nando De Colo,195.58
BKN,Jorge Gutierrez,190.5
ORL,Andrew Nicholson,205.74
DEN,Joffrey Lauvergne,210.82
WAS,Trey Burke,185.42
SAS,Kyle Anderson,205.74
GSW,Shaun Livingston,200.66
WAS,Johnathan Williams,205.74
MIN,Allen Crabbe,195.58
LAC,Patrick Patterson,203.2
PHI,Lucious Harris,195.58
TOR,Lloyd Daniels,200.66
MIL,Dan Gadzuric,210.82
SEA,Vitaly Potapenko,208.28
UTA,Ben Handlogten,208.28
NOH,Matt Freije,208.28
LAL,Tierre Brown,187.96
NOH,Rasual Butler,200.66
PHI,Jason Kapono,203.2
DEN,Jordan Hamilton,200.66
BOS,Chris Wilcox,208.28
MIL,Ekpe Udoh,208.28
ORL,Isaiah Briscoe,190.5
CHI,Rawle Alkins,195.58
ORL,Gerald Wilkins,198.12
NJN,Chris Carr,198.12
GSW,Avery Johnson,180.34
MEM,Brian Cardinal,203.2
PHI,Kevin Ollie,190.5
MIA,Ronny Turiaf,208.28
ATL,Mike Scott,203.2
TOR,Mickael Pietrus,198.12
CHA,Ben Gordon,190.5
LAC,Jordan Farmar,187.96
ATL,John Jenkins,193.04
BKN,Markel Brown,190.5
GSW,Kevon Looney,205.74
OKC,Mike Muscala,208.28
BOS,Frank Brickowski,205.74
PHX,Mike Brown,208.28
CHH,Charles Shackleford,210.82
VAN,DeJuan Wheat,182.88
GSW,Sam Mack,200.66
IND,Tyus Edney,177.8
ATL,Mark Strickland,208.28
WAS,Jared Jeffries,210.82
SAS,Kevin Willis,213.36
PHI,Monty Williams,203.2
ORL,Anthony Johnson,190.5
WAS,Roger Mason Jr.,195.58
SAC,Carl Landry,205.74
NOP,Greg Stiemsma,210.82
NYK,Earl Clark,208.28
LAL,Corey Brewer,205.74
ORL,C.J. Watson,187.96
LAC,Willie Reed,210.82
PHX,Ray Spalding,208.28
BKN,Theo Pinson,198.12
CLE,Ante Zizic,208.28
CLE,Corie Blount,208.28
DET,John Crotty,187.96
BOS,Leandro Barbosa,190.5
BKN,Iman Shumpert,195.58
SAC,Pooh Jeter,180.34
DET,Corey Maggette,198.12
CHA,Bismack Biyombo,205.74
WAS,Garrison Mathews,195.58
UTA,Adam Keefe,205.74
WAS,Chris Whitney,182.88
DAL,Shawn Bradley,228.6
ATL,Alan Henderson,205.74
MIA,Michael Doleac,210.82
PHX,Steven Hunter,213.36
HOU,Scott Padgett,205.74
DET,Maurice Evans,195.58
MEM,Alexander Johnson,205.74
WAS,Andray Blatche,210.82
PHI,Jason Smith,213.36
MIN,Kevin Ollie,187.96
IND,Stephen Graham,198.12
MIA,Daequan Cook,195.58
DEN,Gary Forbes,200.66
NJN,Shawne Williams,205.74
NJN,Armon Johnson,190.5
CHA,Tyrus Thomas,208.28
IND,Danny Granger,203.2
UTA,Earl Watson,185.42
POR,Dorell Wright,205.74
POR,Joel Freeland,208.28
NYK,Chasson Randle,187.96
DAL,Dorian Finney-Smith,203.2
MIA,Rodney McGruder,193.04
BOS,Shane Larkin,180.34
MIN,Mitchell Creek,198.12
NOP,Frank Jackson,190.5
ATL,Vince Carter,198.12
SEA,Jelani McCoy,208.28
MIL,Rafer Alston,187.96
HOU,Terence Morris,205.74
MEM,Will Solomon,185.42
MIN,Mark Madsen,205.74
NYK,DerMarr Johnson,205.74
MIL,Jon Leuer,208.28
BKN,MarShon Brooks,195.58
OKC,Derek Fisher,185.42
DAL,Jarrod Uthoff,205.74
BKN,Timofey Mozgov,215.9
CHA,Johnny O'Bryant III,205.74
DET,Grant Long,205.74
PHX,Jake Voskuhl,210.82
SEA,Mickael Gelabale,200.66
GSW,Chris Hunter,210.82
CHA,Dominic McGuire,205.74
ORL,Quentin Richardson,198.12
WAS,Chris Singleton,203.2
MIA,Udonis Haslem,203.2
OKC,Steven Adams,213.36
DAL,Jae Crowder,198.12
TOR,Pascal Siakam,205.74
UTA,Howard Eisley,187.96
POR,Stacey Augmon,203.2
SAC,Kevin Gamble,195.58
ORL,Andrew DeClercq,208.28
HOU,Jason Collier,213.36
NOH,Jerome Moiso,208.28
SAC,Gerald Wallace,200.66
MIA,Shandon Anderson,198.12
GSW,Andris Biedrins,210.82
BOS,Glen Davis,205.74
LAC,Nick Fazekas,210.82
OKC,Damien Wilkins,198.12
DEN,Anthony Carter,187.96
CLE,Joey Graham,200.66
POR,Earl Barron,213.36
DAL,DeShawn Stevenson,195.58
PHX,Zabian Dowdell,190.5
MIL,Tobias Harris,203.2
POR,Noah Vonleh,205.74
BKN,Chris McCullough,210.82
MEM,Chris Andersen,208.28
DAL,Pierre Jackson,177.8
MIA,Jordan Mickey,203.2
MEM,Jevon Carter,187.96
PHX,Elie Okobo,190.5
BKN,David Nwaba,195.58
NJN,Sundiata Gaines,185.42
CHI,Jimmer Fredette,187.96
CHI,Spencer Dinwiddie,198.12
PHX,Loren Meyer,208.28
WAS,Jimmy Oliver,195.58
PHI,Tom Chambers,208.28
MIA,Terry Mills,208.28
SEA,David Wingate,195.58
BOS,Mark Blount,213.36
DAL,Wang Zhi-zhi,215.9
NYK,Lee Nailon,205.74
MEM,Jake Tsakalidis,218.44
LAL,Brian Grant,205.74
IND,James Jones,203.2
DAL,Eddie Jones,198.12
HOU,Aaron Brooks,182.88
NOH,Devin Brown,195.58
NOH,Hilton Armstrong,210.82
UTA,Kosta Koufos,213.36
MEM,Jamaal Tinsley,190.5
ORL,Marcin Gortat,210.82
LAC,Jamario Moon,203.2
OKC,Eric Maynor,190.5
BOS,Terrence Williams,198.12
TOR,John Lucas III,180.34
GSW,Festus Ezeli,210.82
MIN,Sean Kilpatrick,193.04
BKN,Sergey Karasev,200.66
MIN,Robbie Hummel,205.74
CLE,Richard Jefferson,200.66
DAL,Charlie Villanueva,210.82
NOP,Quinn Cook,187.96
MEM,Jarell Martin,208.28
DET,Bruce Brown,195.58
CLE,Marquese Chriss,208.28
PHX,Cheick Diallo,203.2
NYK,Wayne Ellington,193.04
NYK,Kadeem Allen,185.42
SEA,Jim McIlvaine,215.9
ATL,Chucky Brown,203.2
VAN,Bobby Hurley,182.88
TOR,John Thomas,205.74
PHI,Jumaine Jones,203.2
TOR,Greg Foster,210.82
MIA,Sean Lampley,200.66
SEA,Jerome James,215.9
ORL,JJ Redick,193.04
NYK,Mardy Collins,198.12
SAS,Matt Bonner,208.28
TOR,Joey Dorsey,203.2
ATL,Dahntay Jones,198.12
ATL,Cartier Martin,200.66
PHX,Ish Smith,182.88
UTA,Chris Johnson,198.12
CHA,PJ Hairston,198.12
UTA,Jeff Withey,213.36
NYK,Ron Baker,193.04
BOS,Gerald Green,200.66
LAC,C.J. Williams,195.58
DEN,Torrey Craig,198.12
CHI,Daniel Gafford,208.28
CHI,Ryan Arcidiacono,190.5
DET,Thon Maker,213.36
MIA,Luther Head,190.5
SAS,T.J. Ford,182.88
IND,D.J. Augustin,182.88
BKN,Willie Reed,208.28
ORL,Mario Hezonja,203.2
MIA,Marty Conlon,210.82
ORL,Dominique Wilkins,203.2
VAN,Dennis Scott,203.2
GSW,Mookie Blaylock,182.88
MIL,Darvin Ham,200.66
GSW,Chris Mills,200.66
UTA,Michael Ruffin,203.2
PHI,John Salmons,198.12
ORL,Darko Milicic,213.36
NJN,Antoine Wright,200.66
MIA,Chris Quinn,187.96
DEN,Quincy Miller,205.74
OKC,Andre Roberson,200.66
WAS,Alan Anderson,198.12
LAL,Ryan Kelly,210.82
DEN,Roy Hibbert,218.44
PHI,Tiago Splitter,210.82
PHX,Derrick Jones Jr.,200.66
LAL,Channing Frye,210.82
WAS,Tim Frazier,185.42
MEM,John Konchar,195.58
DET,Tim Frazier,182.88
WAS,Ben Wallace,205.74
CHH,J.R. Reid,208.28
CHI,A.J. Guyton,185.42
BOS,Bimbo Coles,187.96
ORL,Horace Grant,208.28
MIA,LaPhonso Ellis,203.2
SAC,Matt Barnes,200.66
MIA,Keyon Dooling,190.5
MIA,Gerald Fitch,190.5
DET,Juan Dixon,190.5
ORL,Von Wafer,195.58
WAS,Harvey Grant,205.74
SAC,Tyrone Corbin,198.12
WAS,Etan Thomas,208.28
SAS,Cory Joseph,190.5
DEN,Anthony Randolph,210.82
DEN,JaKarr Sampson,205.74
UTA,Georges Niang,200.66
MIL,J.R. Reid,205.74
TOR,Dell Curry,195.58
MEM,Eddie Gill,182.88
LAC,Sean Rooks,208.28
NYK,Michael Sweetney,203.2
CHA,Dontell Jefferson,195.58
BOS,Stephon Marbury,187.96
NYK,Pablo Prigioni,190.5
BOS,Vitor Faverani,210.82
MIN,Kris Dunn,193.04
DET,Stanley Johnson,200.66
ATL,Mike Dunleavy,205.74
NOP,Donatas Motiejunas,213.36
DAL,Kyle Collinsworth,198.12
CLE,Jaron Blossomgame,203.2
NJN,David Vaughn,205.74
CHI,Jamal Crawford,195.58
WAS,Gerard King,205.74
HOU,Carlos Rogers,210.82
ORL,Troy Hudson,185.42
SAC,Darius Songaila,205.74
POR,Sergio Rodriguez,190.5
SAC,Frank Mason,180.34
LAC,Eric Piatkowski,200.66
POR,Dontonio Wingfield,203.2
ATL,Willie Burton,203.2
PHX,Mark Bryant,205.74
POR,Rick Brunson,193.04
ORL,David Benoit,203.2
UTA,Antoine Carr,205.74
CLE,Johnny Newman,200.66
LAC,Derek Strong,205.74
IND,Zan Tabak,213.36
MIN,Robert Pack,187.96
DEN,Jeff Trepagnier,193.04
POR,Viktor Khryapa,205.74
DAL,Darrell Armstrong,185.42
SAC,Eddie House,185.42
SAS,Robert Horry,208.28
PHX,Goran Dragic,193.04
MEM,Darrell Arthur,205.74
MEM,Marcus Williams,190.5
UTA,Gordon Hayward,203.2
LAC,Craig Smith,200.66
BOS,Carlos Arroyo,187.96
CLE,Ryan Hollins,213.36
TOR,James Johnson,205.74
OKC,Cameron Payne,190.5
DEN,Juancho Hernangomez,205.74
MEM,Myke Henry,198.12
MIL,Thon Maker,215.9
ORL,Jerian Grant,193.04
MIL,Donte DiVincenzo,193.04
MIN,Keita Bates-Diop,205.74
BKN,Nicolas Claxton,210.82
CHI,Scott Burrell,200.66
PHI,Benoit Benjamin,213.36
BOS,Greg Minor,198.12
LAL,Travis Knight,213.36
MIN,Rasho Nesterovic,213.36
DEN,Eric Washington,193.04
HOU,Thomas Hamilton,218.44
SAC,Lawrence Funderburke,205.74
MIN,Reggie Slater,200.66
HOU,Oscar Torres,198.12
MIN,Marc Jackson,208.28
DAL,Tariq Abdul-Wahad,198.12
ATL,Nazr Mohammed,208.28
PHX,Jahidi White,205.74
LAL,Kareem Rush,198.12
IND,Scot Pollard,210.82
MIL,Erick Strickland,190.5
BOS,Kevinn Pinkney,208.28
CHA,Derek Anderson,195.58
SAC,Spencer Hawes,213.36
SAC,Donte Greene,210.82
NOH,Xavier Henry,198.12
ATL,Vladimir Radmanovic,208.28
MIA,Shane Battier,203.2
NJN,Jordan Williams,208.28
CHA,Jeff Adrien,201
DAL,Dominique Jones,195.58
PHX,Archie Goodwin,195.58
NYK,Ricky Ledo,200.66
ATL,Mike Muscala,210.82
MEM,Nick Calathes,198.12
LAC,Brandon Bass,203.2
NOP,Omer Asik,213.36
POR,Pat Connaughton,195.58
TOR,Norman Powell,193.04
POR,Zach Collins,213.36
GSW,Alfonzo McKinnie,203.2
WAS,Jordan McRae,195.58
MIL,Robin Lopez,213.36
SAS,Marco Belinelli,195.58
ATL,Henry James,203.2
CHH,Tony Delk,187.96
MIA,Todd Day,198.12
NJN,Elliot Perry,182.88
CLE,Kornel David,205.74
PHX,Mario Elie,195.58
WAS,Laron Profit,195.58
MIA,Sean Marks,208.28
IND,Fred Jones,187.96
NYK,Jerome Williams,205.74
TOR,Andre Barrett,177.8
BOS,Allan Ray,187.96
CHA,Primoz Brezec,215.9
PHX,Gordan Giricek,198.12
NYK,Danilo Gallinari,208.28
ATL,Zaza Pachulia,210.82
IND,James Posey,203.2
GSW,Jeremy Tyler,208.28
DET,Kentavious Caldwell-Pope,195.58
MIA,James Ennis III,200.66
ATL,Jaylen Morris,195.58
ATL,Deyonta Davis,210.82
SAC,Troy Williams,200.66
OKC,Abdel Nader,195.58
ORL,Wes Iwundu,198.12
OKC,Luguentz Dort,190.5
DEN,Noah Vonleh,208.28
ATL,Eldridge Recasner,193.04
CHH,Tony Smith,193.04
NJN,Damion James,200.66
NYK,Josh Harrellson,208.28
MIN,Malcolm Lee,195.58
MIL,Gustavo Ayon,208.28
SAS,Charles Smith,208.28
SEA,Nate McMillan,195.58
DEN,Harold Ellis,195.58
PHX,Hot Rod Williams,210.82
ATL,Dion Glover,195.58
POR,Detlef Schrempf,208.28
PHX,Dan Majerle,198.12
IND,Ike Diogu,203.2
MIA,Stephane Lasme,203.2
NJN,Bobby Simmons,198.12
GSW,Coby Karl,195.58
CLE,Sebastian Telfair,182.88
UTA,Mehmet Okur,210.82
ATL,Jeff Teague,187.96
MIN,Arinze Onuaku,205.74
DET,Shawne Williams,208.28
MIN,Kevin Garnett,210.82
OKC,Jerami Grant,205.74
ATL,Tyler Cavanaugh,205.74
LAC,Jawun Evans,182.88
DAL,Jameel Warney,203.2
CHA,Devonte' Graham,187.96
OKC,Darius Bazley,203.2
PHI,Kyle O'Quinn,205.74
SAS,Lonnie Walker IV,195.58
DAL,Samaki Walker,205.74
MIL,Ervin Johnson,210.82
HOU,Moochie Norris,187.96
PHX,Josh Childress,203.2
CHI,Andrew Lang,210.82
LAC,Cherokee Parks,210.82
UTA,Jarron Collins,210.82
LAL,Jamal Sampson,210.82
PHX,TJ Warren,203.2
PHI,Richaun Holmes,208.28
CHI,Denzel Valentine,198.12
NOP,Hollis Thompson,203.2
ORL,Jamel Artis,200.66
HOU,Brent Price,185.42
DAL,Shawn Respert,187.96
MIA,A.C. Green,205.74
CHI,Fred Hoiberg,195.58
IND,Tim Hardaway,182.88
NOH,David West,205.74
MIA,Christian Laettner,210.82
SAS,Nick Van Exel,185.42
MEM,Javaris Crittenton,195.58
ORL,Tony Battie,210.82
BOS,Marquis Daniels,198.12
ORL,Al Harrington,205.74
CHA,Brendan Haywood,213.36
UTA,Dante Exum,198.12
NYK,Cleanthony Early,203.2
SAS,Jonathon Simmons,198.12
ORL,Rodney Purvis,193.04
DET,Langston Galloway,187.96
ORL,Wes Iwundu,200.66
LAC,Pooh Richardson,185.42
PHI,Larry Drew II,187.96
DAL,Justin Jackson,200.66
HOU,Rodrick Rhodes,198.12
NYK,Chris Dudley,210.82
MIA,Voshon Lenard,193.04
SAS,Derrick Dial,193.04
DEN,Bryant Stith,195.58
GSW,Chris Mullin,198.12
VAN,Stromile Swift,205.74
ATL,Wesley Person,198.12
NYK,Malik Rose,200.66
UTA,Enes Kanter,210.82
UTA,Raja Bell,195.58
OKC,Thabo Sefolosha,200.66
NYK,Steve Novak,208.28
HOU,Kostas Papanikolaou,203.2
PHI,Elton Brand,205.74
MEM,Brandan Wright,208.28
SAS,Davis Bertans,208.28
BKN,Jared Dudley,200.66
IND,Aaron Holiday,185.42
WAS,Isaac Bonga,203.2
ATL,Bruno Fernando,205.74
NYK,Allonzo Trier,193.04
NOP,Nickeil Alexander-Walker,195.58
BOS,Shavlik Randolph,208.28
NJN,Reggie Williams,201
NJN,Kevin Edwards,190.5
ORL,Matt Harpring,200.66
CHH,Jamaal Magloire,208.28
SAC,Hedo Turkoglu,203.2
VAN,Mahmoud Abdul-Rauf,185.42
CLE,Dajuan Wagner,187.96
MIA,Steven Smith,203.2
POR,Travis Outlaw,203.2
PHI,Willie Green,187.96
NJN,Jeff McInnis,193.04
MIA,Blake Ahearn,187.96
LAC,DeAndre Jordan,210.82
UTA,Kyle Weaver,198.12
PHI,Xavier Silas,195.58
DET,Khris Middleton,200.66
PHI,Elliot Williams,196
CLE,Matthew Dellavedova,193.04
DAL,Jonathan Gibson,187.96
HOU,Chinanu Onuaku,208.28
PHX,Tyler Johnson,190.5
DEN,Torrey Craig,200.66
IND,Naz Mitrou-Long,190.5
TOR,Alvin Williams,195.58
CHH,George Lynch,203.2
PHI,Willie Green,193.04
LAC,Kenny Anderson,185.42
NYK,Jackie Butler,208.28
POR,Nicolas Batum,203.2
LAC,Ike Diogu,205.74
CLE,Samardo Samuels,205.74
POR,Jonny Flynn,182.88
TOR,Terrence Ross,198.12
MIL,Chris Wright,205.74
LAL,Kent Bazemore,195.58
BKN,Andrea Bargnani,213.36
ATL,Tim Hardaway Jr.,198.12
UTA,Boris Diaw,203.2
TOR,OG Anunoby,203.2
CHA,Malik Monk,190.5
PHI,Furkan Korkmaz,200.66
MIL,Bonzie Colson,198.12
NYK,Billy Garrett,198.12
WAS,Troy Brown Jr.,200.66
DET,Will Bynum,182.88
OKC,Nick Collison,208.28
CLE,Kendrick Perkins,208.28
WAS,Ramon Sessions,190.5
LAC,Wesley Johnson,200.66
TOR,Patrick McCaw,200.66
DAL,Martin Muursepp,205.74
PHI,Aaron McKie,195.58
NJN,Sherman Douglas,185.42
WAS,Popeye Jones,203.2
SEA,Art Long,205.74
TOR,Damone Brown,203.2
CLE,Kedrick Brown,200.66
GSW,Zarko Cabarkapa,210.82
DAL,Devin Harris,190.5
MIA,Luke Jackson,200.66
PHI,Marreese Speights,208.28
MIA,Mike Miller,203.2
DEN,Nate Robinson,175.26
NYK,Mindaugas Kuzminskas,205.74
PHX,Wayman Tisdale,205.74
DEN,Shawnelle Scott,208.28
TOR,Milt Palacio,190.5
TOR,Loren Woods,215.9
LAC,Ruben Patterson,195.58
CLE,Shawn Marion,200.66
BKN,Isaiah Whitehead,193.04
CHI,Luke Kornet,218.44
DEN,Johnny Taylor,205.74
DET,Jud Buechler,198.12
PHX,Rex Chapman,193.04
NOH,Jackson Vroman,208.28
POR,Martell Webster,200.66
LAC,Dan Dickau,182.88
MIL,Royal Ivey,193.04
MIA,Norris Cole,187.96
CLE,Derrick Williams,203.2
PHI,Justin Anderson,198.12
BKN,Timothe Luwawu-Cabarrot,200.66
CLE,Bob Sura,195.58
CHI,Khalid Reeves,190.5
SAC,Anthony Peeler,193.04
NOK,Marcus Fizer,203.2
MIL,Toni Kukoc,210.82
HOU,Jordan Hill,208.28
SAC,Jermaine Taylor,193.04
MEM,Quincy Pondexter,198.12
ATL,Taurean Prince,203.2
NOP,Emeka Okafor,208.28
SAS,Bryn Forbes,190.5
ORL,Khem Birch,205.74
SAC,Yogi Ferrell,182.88
MIL,Sterling Brown,195.58
UTA,Tony Bradley,208.28
OKC,Reggie Jackson,190.5
TOR,Lucas Nogueira,213.36
MIL,Mirza Teletovic,205.74
DAL,Maxi Kleber,210.82
LAL,Tyson Chandler,215.9
MIA,Keith Askins,203.2
ORL,Dan Schayes,210.82
MIA,Otis Thorpe,208.28
LAC,Keyon Dooling,195.58
NJN,Sherman Douglas,182.88
DAL,Adrian Griffin,195.58
TOR,Lamond Murray,200.66
MIL,Anthony Goldwire,187.96
NJN,Jason Collins,213.36
MIA,Zydrunas Ilgauskas,220.98
ORL,E'Twaun Moore,193.04
IND,Chris Copeland,203.2
DET,Caron Butler,200.66
BKN,Randy Foye,193.04
NOP,Cheick Diallo,205.74
GSW,Nick Young,200.66
PHI,Jonah Bolden,208.28
HOU,Isaiah Hartenstein,213.36
PHI,Trey Burke,182.88
MIL,Kyle Korver,200.66
ORL,Trevor Ariza,203.2
SAS,Jamie Feick,203.2
LAL,Byron Scott,193.04
HOU,Bryce Drew,190.5
IND,Jeff Foster,210.82
DEN,Mengke Bateer,210.82
DAL,Walt Williams,203.2
HOU,Clar. Weatherspoon,200.66
DET,Elden Campbell,213.36
IND,David Harrison,213.36
CHI,Tyrus Thomas,205.74
SAC,Justin Williams,208.28
GSW,Chris Webber,208.28
LAC,Mike Taylor,187.96
ORL,Aaron Gordon,205.74
PHI,Brandon Davies,208.28
MIN,Justin Hamilton,213.36
OKC,Jeremy Lamb,195.58
OKC,Kyle Singler,203.2
ATL,Pero Antic,210.82
SAS,Boban Marjanovic,220.98
MEM,Xavier Munford,190.5
TOR,Delon Wright,195.58
CHA,Michael Carter-Williams,198.12
ATL,Alex Poythress,205.74
GSW,Andrew Bogut,213.36
SEA,Ansu Sesay,205.74
LAC,Al-Farouq Aminu,205.74
CHA,Willy Hernangomez,210.82
DEN,Kenny Smith,190.5
ATL,Chris Crawford,205.74
MIN,Bobby Jackson,185.42
ATL,Larry Robinson,190.5
BOS,Vin Baker,210.82
SAS,Brent Barry,200.66
MEM,Dante Cunningham,203.2
PHX,Danny Granger,205.74
LAL,Marcelo Huertas,190.5
BOS,Tyler Zeller,213.36
GSW,Ian Clark,190.5
IND,Doug McDermott,203.2
MEM,Brevin Knight,177.8
SAS,George Hill,187.96
POR,Meyers Leonard,215.9
CHA,Dwayne Bacon,198.12
GSW,Melvin Booker,187.96
LAL,Brian Shaw,198.12
MIA,Cedric Ceballos,200.66
DEN,Kenny Satterfield,185.42
NOH,Alex Garcia,190.5
MIL,Ersan Ilyasova,205.74
WAS,Trevor Booker,203.2
POR,Thomas Robinson,208.28
UTA,Elijah Millsap,198.12
CHI,Kirk Hinrich,193.04
MIN,Lorenzo Brown,195.58
SAC,Seth Curry,187.96
GSW,Damian Jones,213.36
ATL,Brandon Goodwin,182.88
CHI,Denzel Valentine,193.04
MIL,Jerald Honeycutt,205.74
MIN,James Robinson,187.96
DET,Jarvis Hayes,203.2
HOU,Terrence Jones,205.74
DET,Aron Baynes,208.28
ATL,Malcolm Delaney,190.5
BKN,Jahlil Okafor,210.82
OKC,Nerlens Noel,210.82
IND,Erick Dampier,210.82
IND,Duane Ferrell,200.66
CHI,Eddie Robinson,205.74
HOU,David Andersen,210.82
BKN,Andrei Kirilenko,205.74
LAC,Jamil Wilson,200.66
MEM,Kobi Simmons,193.04
MEM,Tyler Dorsey,195.58
CHA,Jalen McDaniels,208.28
NYK,Damyean Dotson,195.58
SAS,Greg Anderson,208.28
BOS,Bruce Bowen,200.66
DET,Mateen Cleaves,187.96
DEN,Eduardo Najera,203.2
WAS,Nick Young,198.12
DAL,Rodrigue Beaubois,182.88
BOS,Delonte West,190.5
WAS,Garrett Temple,198.12
SAC,Andre Miller,187.96
MIA,Shabazz Napier,185.42
LAC,Paul Pierce,200.66
UTA,Royce O'Neale,198.12
ORL,Jonathan Isaac,208.28
OKC,Terrance Ferguson,200.66
CHH,Chuck Person,203.2
GSW,Sarunas Jasikevicius,193.04
SAS,DeJuan Blair,200.66
LAL,David Nwaba,193.04
CHI,Antonio Blakeney,193.04
PHI,Mike Scott,200.66
LAC,Terry Dehere,193.04
NYK,Buck Williams,203.2
MEM,Bo Outlaw,203.2
NOH,Junior Harrington,193.04
CLE,Anderson Varejao,208.28
MIL,Charlie Bell,190.5
WAS,Yi Jianlian,213.36
LAC,Kenyon Martin,205.74
PHX,Hakim Warrick,205.74
WAS,Otto Porter Jr.,203.2
ATL,DeAndre' Bembry,198.12
PHI,Greg Monroe,210.82
DAL,Boban Marjanovic,223.52
CHA,Cody Martin,195.58
ATL,Damian Jones,210.82
BOS,Robert Williams III,203.2
SEA,Desmond Mason,195.58
WAS,Jan Vesely,210.82
DEN,Vincent Askew,198.12
CHH,Brad Miller,210.82
SAS,Sean Elliott,203.2
MIA,Kendall Gill,195.58
PHI,John Salmons,200.66
CHA,Matt Carroll,198.12
DAL,Pavel Podkolzin,226.06
MIN,Marko Jaric,200.66
MIA,Alonzo Mourning,208.28
PHI,Andres Nocioni,200.66
TOR,Landry Fields,200.66
MIN,Nemanja Bjelica,208.28
BKN,Luis Scola,205.74
CLE,Edy Tavares,220.98
NOP,Jordan Crawford,195.58
MEM,Marquis Teague,187.96
MIL,Marvin Williams,203.2
SAS,Fabricio Oberto,208.28
GSW,Kelenna Azubuike,195.58
WAS,Marcus Thornton,193.04
IND,Haywoode Workman,187.96
DEN,Sarunas Marciulionis,195.58
TOR,Sharone Wright,210.82
MIL,Chris Gatling,208.28
LAC,Predrag Drobnjak,210.82
LAL,Rick Fox,200.66
NJN,Travis Best,180.34
BOS,Michael Olowokandi,213.36
SAS,Damon Stoudamire,177.8
CLE,Manny Harris,195.58
NOH,Austin Rivers,193.04
MIA,Josh Richardson,198.12
NOP,Bryce Dejean-Jones,198.12
CHI,Cristiano Felicio,205.74
POR,Maurice Harkless,205.74
MEM,Dillon Brooks,198.12
BOS,Daniel Theis,203.2
OKC,Hamidou Diallo,195.58
ATL,Obinna Ekezie,205.74
TOR,Antonio Davis,205.74
NOP,Alexis Ajinca,218.44
MEM,Omari Johnson,205.74
CLE,Brandon Knight,190.5
MIA,Solomon Hill,198.12
ATL,Ed Gray,190.5
LAC,Eric Murdock,185.42
ORL,Dee Brown,187.96
DET,Billy Owens,203.2
WAS,David Vanterpool,195.58
SAS,Speedy Claxton,180.34
NYK,David Lee,205.74
MIA,Gary Payton,193.04
NJN,Stromile Swift,208.28
WAS,Kelly Oubre Jr.,200.66
BOS,Jaylen Brown,200.66
POR,Ed Davis,208.28
PHX,Dragan Bender,215.9
MIL,Pau Gasol,213.36
MIN,Kelan Martin,195.58
NYK,Samuel Dalembert,210.82
CLE,JR Smith,198.12
CHI,Chandler Hutchison,200.66
ORL,James Ennis III,198.12
DET,Sekou Doumbouya,203.2
MIN,Sam Mitchell,200.66
PHX,Michael Redd,198.12
UTA,Alec Burks,198.12
MEM,Chandler Parsons,208.28
ORL,Al-Farouq Aminu,203.2
SEA,Flip Murray,190.5
NYK,Henry Ellenson,210.82
LAL,Michael Beasley,205.74
DEN,Keita Bates-Diop,203.2
GSW,Charles Jenkins,190.5
WAS,JJ Hickson,205.74
IND,Glenn Robinson III,198.12
NOP,Kenrich Williams,198.12
VAN,Lawrence Moten,195.58
VAN,Lee Mayberry,185.42
DEN,Eric Williams,203.2
BOS,Dana Barros,180.34
ATL,Lorenzen Wright,210.82
CHI,Matt Maloney,190.5
UTA,Olden Polynice,213.36
NYK,Charlie Ward,187.96
TOR,Omar Cook,185.42
NJN,Sean Williams,208.28
TOR,Pops Mensah-Bonsu,208.28
ATL,Tracy McGrady,203.2
MIN,Josh Howard,200.66
DAL,Dwight Powell,210.82
BOS,Terry Rozier,187.96
SAC,Georgios Papagiannis,215.9
NYK,Xavier Rathan-Mayes,193.04
POR,Gary Trent Jr.,195.58
NYK,Kevin Knox II,200.66
PHI,Rex Walters,193.04
CHA,Muggsy Bogues,160.02
PHI,Matt Geiger,215.9
ORL,Patrick Ewing,213.36
CLE,Smush Parker,193.04
MEM,Mike Batiste,203.2
UTA,Raul Lopez,182.88
NYK,Maurice Taylor,205.74
GSW,Monta Ellis,190.5
CLE,Christian Eyenga,195.58
SAS,Stephen Jackson,203.2
PHI,Jeremy Pargo,187.96
MIN,Gorgui Dieng,210.82
CHA,Brian Roberts,185.42
PHI,Jerami Grant,203.2
LAC,Spencer Hawes,215.9
UTA,Trey Lyles,208.28
OKC,Domantas Sabonis,210.82
MIL,Brandon Jennings,185.42
BOS,Daniel Theis,205.74
CHA,Dwayne Bacon,200.66
NYK,Frank Ntilikina,198.12
POR,Dale Davis,210.82
POR,Shawn Kemp,208.28
NYK,Terry Cummings,205.74
DAL,Chris Anstey,213.36
MIL,Tim Thomas,208.28
SAS,Terry Porter,190.5
SEA,Nick Collison,205.74
NOH,Bostjan Nachbar,205.74
MEM,Tarence Kinsey,198.12
MEM,Lawrence Roberts,205.74
MEM,Sam Young,198.12
WAS,Othyus Jeffers,195.58
NOH,Darryl Watkins,210.82
MIA,Amar'e Stoudemire,208.28
DAL,Aaron Harrison,198.12
DET,Jameer Nelson,182.88
SAC,Justin Jackson,203.2
PHI,Zhaire Smith,193.04
NYK,Maurice Harkless,200.66
BOS,Walter McCarty,208.28
MEM,Andrew Harrison,198.12
DEN,Brooks Thompson,193.04
CLE,Donald Sloan,190.5
SAC,Ray McCallum,190.5
MEM,Tayshaun Prince,205.74
MIL,Isaiah Canaan,182.88
MIA,Andre Iguodala,198.12
NYK,Dennis Smith Jr.,187.96
NOH,Morris Peterson,200.66
TOR,Clifford Rozier,210.82
MIN,Eddie Griffin,208.28
LAL,Kobe Bryant,195.57999999999998
POR,Gary Grant,190.5
CHI,Khalid El-Amin,177.8
CHI,Eddy Curry,210.82
UTA,Milt Palacio,193.04
HOU,Steve Francis,190.5
BOS,Avery Bradley,187.96
TOR,Linas Kleiza,203.2
WAS,Drew Gooden,208.28
DET,Dwight Buycks,190.5
PHX,Josh Gray,185.42
CHA,Bernard Robinson,198.12
CHI,Steve Kerr,190.5
NOH,Courtney Alexander,195.58
NJN,Ron Mercer,200.66
PHI,Nikola Vucevic,213.36
MEM,Ben McLemore,195.58
SAC,Jack Cooley,208.28
MEM,Ivan Rabb,208.28
PHX,De'Anthony Melton,193.04
SAS,Charles Smith,193.04
PHX,Danuel House Jr.,200.66
CHI,Ronald Dupree,200.66
LAC,Kerry Kittles,195.58
MIA,Mario Chalmers,187.96
CLE,D.J. Kennedy,195.58
SAS,Derrick Byars,200.66
ATL,Ivan Johnson,203.2
HOU,Greg Smith,208.28
DEN,Will Barton,198.12
MIA,Briante Weber,187.96
SAC,Duje Dukan,205.74
NYK,Frank Ntilikina,193.04
NOP,Nicolo Melli,205.74
CHI,Dickey Simpkins,205.74
NOP,Anthony Morrow,195.58
MEM,Grayson Allen,193.04
ORL,Jason Williams,185.42
CHI,Ronnie Brewer,200.66
HOU,Josh Smith,205.74
IND,Ty Lawson,180.34
ATL,Isaiah Taylor,190.5
DEN,Isaiah Thomas,175.26
DAL,Dirk Nowitzki,213.36
NYK,Luke Kornet,215.9
DET,John Henson,205.74
BKN,Wilson Chandler,203.2
CHA,Nicolas Batum,205.74
GSW,Felton Spencer,213.36
CHI,Scottie Pippen,203.2
NOP,Quincy Pondexter,200.66
LAC,Cole Aldrich,210.82
ATL,Omari Spellman,205.74
CLE,Wally Szczerbiak,200.66
MIL,John Henson,210.82
LAL,Larry Nance Jr.,205.74
MIN,Luol Deng,205.74
ORL,Mo Bamba,213.36
TOR,Oliver Miller,205.74
HOU,Patrick Beverley,185.42
NOP,Darius Miller,203.2
ATL,DeAndre' Bembry,195.58
MIN,Dean Garrett,210.82
DEN,Kenneth Faried,203.2
BOS,Brad Wanamaker,190.5
WAS,Anzejs Pasecniks,218.44
CHI,Ron Harper,198.12
WAS,Terry Davis,208.28
GSW,Tony Farmer,205.74
NOH,David West,203.2
GSW,Al Thornton,203.2
NYK,Rasheed Wallace,210.82
MIN,Derrick Rose,190.5
OKC,Raymond Felton,185.42
TOR,Chris Boucher,205.74
IND,Jalen Rose,203.2
TOR,Chris Childs,190.5
NYK,Frank Ntilikina,195.58
MIN,Jerryd Bayless,190.5
POR,Jake Layman,205.74
POR,Juwan Howard,205.74
CHA,Cody Zeller,213.36
HOU,Joe Johnson,200.66
NYK,Taj Gibson,205.74
BOS,Al Jefferson,208.28
MIL,D.J. Wilson,208.28
ATL,Roshown McLeod,203.2
POR,Jarrett Jack,190.5
MIA,Dorell Wright,203.2
ORL,Ryan Anderson,208.28
NOH,Jerome Dyson,190.5
UTA,Jeremy Evans,205.74
CHA,Michael Kidd-Gilchrist,200.66
DET,Brandon Knight,187.96
MIN,Stanley Roberts,213.36
LAL,Isaiah Rider,195.58
CHI,P.J. Brown,210.82
HOU,Eddie Johnson,200.66
NYK,Qyntel Woods,203.2
NJN,Nenad Krstic,213.36
TOR,Ben Uzoh,190.5
LAC,Lamar Odom,208.28
MIL,Wesley Matthews,193.04
IND,Rodney Stuckey,195.58
NJN,Xavier McDaniel,200.66
CHH,Baron Davis,190.5
MIL,Greivis Vasquez,198.12
DET,Luke Kennard,195.58
GSW,Dragan Bender,213.36
UTA,Armen Gilliam,205.74
DAL,Peja Stojakovic,208.28
OKC,Serge Ibaka,208.28
LAC,Wilson Chandler,205.74
MIN,Josh Okogie,193.04
DET,Malik Sealy,203.2
CHI,Charles Oakley,205.74
DEN,Vincent Yarbrough,200.66
TOR,Sonny Weems,198.12
MIA,Michael Beasley,208.28
SAS,Manu Ginobili,198.12
MEM,Kyle Lowry,182.88
ORL,Courtney Lee,195.58
CLE,Joe Smith,208.28
SAS,Antonio McDyess,205.74
CHI,Bobby Portis,210.82
UTA,Emmanuel Mudiay,190.5
VAN,Roy Rogers,208.28
PHX,Luc Longley,218.44
UTA,Marvin Williams,205.74
OKC,Mitch McGary,208.28
HOU,Jeff Green,203.2
LAL,Avery Bradley,190.5
CHI,Bison Dele,210.82
LAC,Brent Barry,198.12
SAC,Michael Stewart,208.28
PHX,George McCloud,203.2
BKN,Joe Harris,198.12
HOU,Aaron Jackson,190.5
SAS,Jakob Poeltl,213.36
DET,Tony Snell,198.12
ORL,John Amaechi,208.28
TOR,Michael Bradley,208.28
CLE,Anthony Parker,198.12
LAC,Ryan Gomes,200.66
PHI,T.J. McConnell,187.96
PHX,Cameron Johnson,203.2
WAS,Tyrone Nesby,198.12
PHX,Marcus Morris,205.74
MIL,Ersan Ilyasova,208.28
NYK,Reggie Bullock,198.12
CHI,Dedric Willoughby,190.5
WAS,Michael Smith,203.2
POR,Arvydas Sabonis,220.98
SEA,Robert Swift,213.36
MIN,Bracey Wright,190.5
TOR,DeMar DeRozan,200.66
BKN,Henry Sims,208.28
MIN,Jake Layman,203.2
ATL,Skal Labissiere,208.28
PHX,PJ Tucker,198.12
HOU,Moochie Norris,185.42
LAC,Landry Shamet,195.58
MIA,Meyers Leonard,213.36
WAS,Richard Hamilton,198.12
MIA,Mario Chalmers,185.42
HOU,KJ McDaniels,198.12
SAC,Harry Giles III,208.28
GSW,Juan Toscano-Anderson,198.12
MIL,George Hill,190.5
HOU,Goran Dragic,190.5
SAS,Kevin Martin,200.66
NOP,Jaxson Hayes,210.82
SAS,Jakob Poeltl,215.9
SAS,James White,200.66
GSW,Billy Owens,205.74
NJN,Rodney Rogers,200.66
NYK,Toney Douglas,185.42
MIN,Anthony Tolliver,205.74
LAL,Tarik Black,210.82
LAL,Lance Stephenson,198.12
HOU,Austin Rivers,190.5
LAC,Jason Hart,190.5
HOU,Brad Miller,213.36
DET,Svi Mykhailiuk,200.66
SAC,Kenny Thomas,200.66
CHI,Tyrus Thomas,203.2
CHA,Walter Herrmann,205.74
UTA,Derrick Favors,208.28
IND,Paul George,203.2
BKN,Bojan Bogdanovic,203.2
DAL,J.J. Barea,182.88
BKN,Rondae Hollis-Jefferson,200.66
POR,Gerald Henderson,195.58
HOU,P.J. Tucker,198.12
NOP,Christian Wood,208.28
NOP,E'Twaun Moore,190.5
ORL,Michael Carter-Williams,195.58
LAL,Derek Harper,193.04
MIA,Anthony Carter,185.42
CLE,Chris Mihm,215.9
PHX,Tyler Ulis,177.8
SAC,Harry Giles III,210.82
MIN,Felipe Lopez,195.58
LAC,Chris Kaman,213.36
UTA,Gordan Giricek,195.58
MIN,Antoine Walker,205.74
POR,Rudy Fernandez,198.12
CHA,Derrick Brown,203.2
UTA,Rodney Hood,203.2
NOP,Kenrich Williams,200.66
CHA,Miles Bridges,200.66
POR,Anfernee Simons,190.5
BOS,Jared Sullinger,205.74
BKN,Mason Plumlee,210.82
MIN,Adreian Payne,208.28
CHA,Frank Kaminsky,213.36
VAN,Blue Edwards,193.04
GSW,Vonteego Cummings,190.5
TOR,Rod Strickland,190.5
UTA,Paul Millsap,203.2
PHX,Markieff Morris,208.28
SAC,Peja Stojakovic,205.74
MIA,Vladimir Stepania,215.9
SAC,Willie Cauley-Stein,213.36
SAS,Tony Parker,187.96
LAL,Josh Hart,195.58
SAS,Trey Lyles,205.74
DEN,Michael Porter Jr.,208.28
SAC,Corliss Williamson,200.66
CLE,Tristan Thompson,205.74
NYK,Marcus Camby,210.82
CHI,Hersey Hawkins,190.5
LAC,Eric Piatkowski,198.12
SAS,Michael Finley,200.66
BOS,Oliver Lafayette,187.96
MIL,Nate Wolters,193.04
IND,Lance Stephenson,195.58
OKC,Josh Huestis,200.66
SAC,Eric Mika,208.28
HOU,Ben McLemore,190.5
GSW,Jordan Poole,193.04
SAC,Darius Songaila,203.2
LAC,Eric Bledsoe,185.42
PHI,Evan Turner,200.66
GSW,Draymond Green,200.66
MIL,Giannis Antetokounmpo,205.74
MEM,JaMychal Green,205.74
WAS,Gary Neal,193.04
MIN,Omari Spellman,203.2
POR,Bonzi Wells,195.58
MIA,Justise Winslow,200.66
MIL,Pat Connaughton,193.04
GSW,Ky Bowman,185.42
SAS,Carl Herrera,205.74
DAL,Keith Van Horn,208.28
MIA,Kasib Powell,200.66
PHI,Thaddeus Young,203.2
UTA,Wesley Matthews,195.58
GSW,Andris Biedrins,213.36
MIN,Brandon Roy,198.12
NOP,Jahlil Okafor,208.28
TOR,Terence Davis,193.04
BOS,J.R. Bremer,187.96
TOR,Terrence Ross,200.66
PHI,Tyrone Hill,205.74
CHI,Joakim Noah,210.82
ORL,Maurice Harkless,203.2
MIL,O.J. Mayo,195.58
PHX,Alex Len,215.9
PHX,Kevin Johnson,185.42
POR,Zach Randolph,205.74
WAS,Kevin Seraphin,205.74
BKN,Caris LeVert,200.66
MEM,Tyus Jones,182.88
LAC,JaMychal Green,203.2
ORL,Jeff Green,205.74
GSW,Chris Porter,200.66
UTA,Kyle Korver,198.12
IND,Paul George,205.74
NYK,Tony Wroten,198.12
MIA,James Johnson,203.2
SEA,Dale Ellis,200.66
PHI,Shawn Long,205.74
SAS,Glenn Robinson,200.66
SAC,Jason Thompson,210.82
PHX,Mikal Bridges,200.66
NYK,Jason Kidd,193.04
HOU,Kenny Thomas,203.2
WAS,Jared Jeffries,208.28
OKC,Nerlens Noel,208.28
DET,Wayne Ellington,195.58
LAC,Landry Shamet,193.04
BOS,Raef LaFrentz,210.82
NJN,Jamie Feick,205.74
UTA,John Starks,195.58
SAC,Jim Jackson,198.12
MIN,Jordan McLaughlin,180.34
MIN,James Johnson,200.66
PHI,Shake Milton,195.58
MIA,Tyler Johnson,193.04
DAL,Jalen Brunson,185.42
MIA,Derrick Jones Jr.,198.12
WAS,Courtney Alexander,198.12
CHI,Richard Hamilton,200.66
MIA,Bam Adebayo,208.28
DAL,J.J. Barea,177.8
BOS,Rajon Rondo,185.42
DEN,Jusuf Nurkic,210.82
HOU,Montrezl Harrell,203.2
UTA,Royce O'Neale,193.04
CHI,Jimmy Butler,200.66
HOU,Clint Capela,208.28
PHI,Markelle Fultz,193.04
IND,Doug McDermott,200.66
LAL,Dion Waiters,190.5
TOR,Rondae Hollis-Jefferson,198.12
DET,Langston Galloway,185.42
DEN,Monte Morris,187.96
CHA,Gerald Henderson,193.04
SAS,Kawhi Leonard,200.66
BKN,Allen Crabbe,198.12
CLE,Ante Zizic,210.82
IND,T.J. McConnell,185.42
MIA,Kelly Olynyk,210.82
PHX,Mikal Bridges,198.12
MIN,Naz Reid,205.74
TOR,Hakeem Olajuwon,213.36
BOS,Marcus Smart,193.04
NYK,Emmanuel Mudiay,195.58
TOR,Fred VanVleet,182.88
SAC,Kent Bazemore,193.04
BKN,Jarrett Allen,210.82
NYK,Mitchell Robinson,215.9
CHH,Ricky Pierce,193.04
MIA,Mike Bibby,187.96
WAS,Tomas Satoransky,200.66
MIN,Jarrett Culver,198.12
CHA,Bismack Biyombo,203.2
CHI,Kris Dunn,190.5
PHI,Larry Hughes,195.58
PHI,Jrue Holiday,193.04
MIA,Ray Allen,195.58
LAL,Steve Nash,190.5
MEM,Gorgui Dieng,208.28
POR,LaMarcus Aldridge,210.82
OKC,Dion Waiters,193.04
MEM,Bruno Caboclo,205.74
GSW,Harrison Barnes,203.2
GSW,Anthony Randolph,208.28
SAC,Skal Labissiere,210.82
MIN,Alexey Shved,198.12
LAL,Dennis Rodman,200.66
CHH,Derrick Coleman,208.28
PHI,Jason Richardson,198.12
DEN,Jamal Murray,193.04
HOU,Cuttino Mobley,193.04
BOS,Shaquille O'Neal,215.9
MEM,De'Anthony Melton,187.96
LAL,Andrew Bynum,213.36
BOS,Danny Fortson,200.66
MIN,Craig Smith,203.2
DAL,Jalen Brunson,190.5
WAS,Jarvis Hayes,200.66
LAL,Antawn Jamison,205.74
LAL,Jemerrio Jones,195.58
CHI,Marcus Fizer,205.74
OKC,James Harden,195.58
DEN,Jusuf Nurkic,213.36
DEN,Malik Beasley,195.58
SAS,Bryn Forbes,187.96
POR,Zach Collins,210.82
TOR,Jeremy Lin,190.5
SAS,Patty Mills,185.42
MIN,Malik Beasley,193.04
NYK,Allan Houston,198.12
IND,Aaron Holiday,182.88
SAC,Alex Len,213.36
MEM,Josh Jackson,203.2
CHA,Byron Mullens,213.36
HOU,David Wesley,185.42
TOR,Jorge Garbajosa,205.74
PHX,Mike James,185.42
DEN,Gary Harris,193.04
SAC,Buddy Hield,193.04
CLE,Kevin Porter Jr.,193.04
VAN,Bryant Reeves,213.36
ATL,Cam Reddish,203.2
BOS,Kelly Olynyk,213.36
IND,Derrick McKey,205.74
IND,Reggie Miller,200.66
LAL,Brandon Ingram,205.74
IND,Tyreke Evans,198.12
SEA,Don MacLean,208.28
TOR,Jonas Valanciunas,210.82
ATL,Tyrone Wallace,195.58
DAL,Maxi Kleber,208.28
MEM,Juan Carlos Navarro,190.5
LAL,Markieff Morris,203.2
MEM,O.J. Mayo,193.04
HOU,P.J. Tucker,195.58
PHI,James Anderson,198.12
BOS,Terry Rozier,185.42
PHX,Grant Hill,203.2
LAL,Dwight Howard,208.28
LAL,Jabari Brown,195.58
NYK,Allonzo Trier,195.58
ATL,Kevin Huerter,200.66
IND,Austin Croshere,205.74
DET,Andre Drummond,208.28
NYK,Damyean Dotson,198.12
MEM,Lester Hudson,190.5
HOU,Danuel House Jr.,198.12
ORL,Mark Price,182.88
MEM,Mike Conley,185.42
CHI,Kirk Hinrich,190.5
ATL,Dennis Schroder,185.42
DAL,Dorian Finney-Smith,200.66
MIL,Haywoode Workman,190.5
LAC,Marko Jaric,195.58
SAC,Shareef Abdur-Rahim,205.74
CHI,Nikola Mirotic,208.28
PHI,Alex Poythress,200.66
LAC,Ivica Zubac,213.36
POR,Greg Oden,213.36
HOU,Yao Ming,228.60000000000002
HOU,Chandler Parsons,205.74
DEN,Monte Morris,190.5
BKN,Garrett Temple,195.58
LAC,Darius Miles,205.74
MIN,Zach LaVine,195.58
IND,Myles Turner,210.82
DET,Joe Dumars,190.5
MEM,Rudy Gay,205.74
NYK,Kadeem Allen,190.5
DAL,Dwight Powell,208.28
DAL,Sasha Danilovic,198.12
ORL,Evan Fournier,200.66
SAS,Dejounte Murray,195.58
NYK,Bobby Portis,208.28
SAS,Derrick White,193.04
SAS,Rudy Gay,203.2
ORL,D.J. Augustin,180.34
MIL,Anthony Mason,203.2
CHI,Jay Williams,187.96
CHA,Adam Morrison,203.2
PHI,Lou Williams,187.96
CLE,Anderson Varejao,210.82
GSW,Jordan Crawford,193.04
CLE,Cedi Osman,200.66
GSW,Mychal Mulder,190.5
CHH,Bobby Phills,195.58
GSW,Klay Thompson,200.66
LAC,Milos Teodosic,195.58
LAC,Shai Gilgeous-Alexander,198.12
MIL,Brook Lopez,213.36
NYK,Mitchell Robinson,213.36
MIL,Malcolm Brogdon,195.58
BOS,Enes Kanter,208.28
NYK,Amar'e Stoudemire,210.82
GSW,Marquese Chriss,205.74
GSW,Gilbert Arenas,190.5
SAS,David Robinson,215.9
SEA,Flip Murray,193.04
ORL,Gilbert Arenas,193.04
DET,Bruce Brown,193.04
UTA,Jeff Hornacek,193.04
NYK,Larry Johnson,200.66
LAC,Darren Collison,182.88
WAS,Troy Brown Jr.,198.12
WAS,Gheorghe Muresan,231.14
BOS,Sam Cassell,190.5
PHX,Dario Saric,208.28
WAS,Shabazz Napier,182.88
IND,Victor Oladipo,193.04
MIA,Duncan Robinson,200.66
UTA,Deron Williams,190.5
TOR,Marc Gasol,210.82
CLE,Dajuan Wagner,190.5
HOU,Eric Gordon,190.5
TOR,OG Anunoby,200.66
MIL,Khris Middleton,203.2
SAC,Bogdan Bogdanovic,198.12
WAS,Thomas Bryant,210.82
CLE,Darius Garland,185.42
MIN,Latrell Sprewell,195.58
LAL,Kyle Kuzma,203.2
SEA,Luke Ridnour,185.42
NYK,Kevin Knox II,205.74
LAL,Andre Ingram,190.5
ATL,De'Andre Hunter,200.66
SAS,Tim Duncan,210.82
MIA,Dwyane Wade,193.04
SEA,Ruben Patterson,198.12
LAL,Jordan Clarkson,195.58
ATL,Jeff Teague,190.5
SAC,De'Aaron Fox,190.5
CLE,Carlos Boozer,205.74
UTA,Joe Ingles,200.66
PHX,Devin Booker,198.12
CHI,Metta World Peace,198.12
MIA,Jamal Mashburn,203.2
IND,Rik Smits,223.52
ATL,John Collins,208.28
CHI,Wendell Carter Jr.,208.28
CHI,Coby White,193.04
MIA,Tyler Herro,195.58
CHI,Luol Deng,203.2
UTA,Rudy Gobert,215.9
MEM,Brandon Clarke,203.2
DEN,Paul Millsap,200.66
HOU,Carmelo Anthony,203.2
CLE,Larry Nance Jr.,200.66
DEN,Nikola Jokic,208.28
MIL,Jabari Parker,203.2
LAL,Vander Blue,193.04
PHI,Robert Covington,205.74
NOP,JJ Redick,190.5
MEM,Jaren Jackson Jr.,210.82
ORL,Elfrid Payton,193.04
NOP,Eric Gordon,193.04
DAL,Cedric Ceballos,198.12
TOR,Chris Bosh,208.28
LAL,D'Angelo Russell,195.58
UTA,Jordan Clarkson,193.04
CHA,Kemba Walker,185.42
CHA,P.J. Washington,200.66
BKN,Taurean Prince,200.66
WAS,Bradley Beal,195.58
ORL,Jonathan Isaac,210.82
IND,Darren Collison,187.96
BOS,Marcus Morris Sr.,205.74
CLE,Cedi Osman,203.2
GSW,Draymond Green,198.12
CHA,Miles Bridges,198.12
GSW,Damion Lee,195.58
PHI,Josh Richardson,195.58
SAC,Vlade Divac,215.9
BOS,Jayson Tatum,203.2
SAS,Dejounte Murray,193.04
ORL,Markelle Fultz,190.5
HOU,Robert Covington,200.66
PHI,Allen Iverson,182.88
LAL,Lonzo Ball,198.12
GSW,Eric Paschall,198.12
DAL,Tim Hardaway Jr.,195.58
NOP,Derrick Favors,205.74
MEM,Dillon Brooks,200.66
UTA,John Stockton,185.42
MEM,Marc Gasol,215.9
POR,Scottie Pippen,200.66
WAS,Thomas Bryant,208.28
MIN,Kevin Love,208.28
TOR,Jonas Valanciunas,213.36
NJN,Jayson Williams,205.74
ATL,Al Horford,208.28
IND,Domantas Sabonis,208.28
NYK,Dennis Smith Jr.,190.5
WAS,Rui Hachimura,203.2
CHI,John Starks,190.5
SAC,Mike Bibby,185.42
MIA,Kendrick Nunn,187.96
GSW,Mookie Blaylock,185.42
NJN,Rony Seikaly,210.82
NYK,RJ Barrett,198.12
TOR,Norman Powell,190.5
MEM,Justise Winslow,198.12
BOS,Marcus Smart,190.5
MIA,Hassan Whiteside,213.36
MIN,Ndudi Ebi,205.74
MIN,Ricky Rubio,193.04
MIL,Giannis Antetokounmpo,211
NYK,Elfrid Payton,190.5
WAS,Mitch Richmond,195.58
CHI,Wendell Carter Jr.,205.74
WAS,Dwight Howard,210.82
SAC,Marvin Bagley III,210.82
CHI,Dennis Rodman,198.12
CLE,Collin Sexton,187.96
CHI,Lauri Markkanen,213.36
NOH,Anthony Davis,208.28
PHI,Al Horford,205.74
OKC,Steven Adams,210.82
VAN,Michael Dickerson,193.04
ORL,Tobias Harris,205.74
NYK,Kristaps Porzingis,220.98
BOS,RJ Hunter,195.58
CLE,Tristan Thompson,208.28
LAL,Julius Randle,205.74
HOU,Yao Ming,226.06
GSW,Stephen Curry,190.5
PHX,T.J. Warren,203.2
DET,Blake Griffin,205.74
MIN,Terrell Brandon,180.34
MIN,Andrew Wiggins,203.2
CHI,Walt Lemon Jr.,190.5
MIA,Chris Bosh,210.82
LAL,Kyle Kuzma,205.74
BOS,Dino Radja,210.82
LAC,Marcus Morris Sr.,203.2
MIA,Eddie Jones,200.66
DEN,Will Barton,195.58
SAC,DeMarcus Cousins,210.82
TOR,Serge Ibaka,213.36
BKN,Caris LeVert,198.12
OKC,Russell Westbrook,190.5
ORL,Aaron Gordon,203.2
LAC,Quentin Richardson,195.58
LAL,Karl Malone,205.74
PHX,Ricky Rubio,190.5
DET,Derrick Rose,187.96
CLE,Collin Sexton,185.42
TOR,Vince Carter,200.66
BKN,Kevin Durant,208.28
CLE,Kyrie Irving,190.5
LAC,Montrezl Harrell,200.66
NJN,Jayson Williams,208.28
BOS,Gordon Hayward,200.66
LAC,Elton Brand,203.2
TOR,Kyle Lowry,185.42
UTA,Donovan Mitchell,190.5
DET,Andre Drummond,210.82
PHI,Jimmy Butler,203.2
POR,CJ McCollum,190.5
TOR,Fred VanVleet,185.42
MEM,Ja Morant,190.5
HOU,Charles Barkley,198.12
HOU,Chris Paul,182.88
PHX,Deandre Ayton,215.9
POR,Damian Lillard,190.5
CHA,Devonte' Graham,185.42
OKC,Shai Gilgeous-Alexander,195.58
HOU,Clyde Drexler,200.66
WAS,John Wall,193.04
BOS,Jaylen Brown,198.12
DAL,Josh Howard,195.58
OKC,Chris Paul,185.42
UTA,Carlos Boozer,203.2
CHI,Michael Jordan,198.12
LAC,Blake Griffin,208.28
PHI,Joel Embiid,213.36
CLE,Kevin Love,203.2
GSW,Andrew Wiggins,200.66
BOS,Kemba Walker,182.88
MIN,Karl-Anthony Towns,213.36
BKN,Spencer Dinwiddie,195.58
ATL,Trae Young,187.96
NOP,Jrue Holiday,190.5
MIA,Bam Adebayo,205.74
PHI,Ben Simmons,208.28
NYK,Julius Randle,203.2
BOS,Paul Pierce,198.12
NOP,Zion Williamson,198.12
ATL,John Collins,205.74
PHX,Deandre Ayton,210.82
UTA,Donovan Mitchell,185.42
DAL,Dirk Nowitzki,210.82
MIN,D'Angelo Russell,193.04
SAS,DeMar DeRozan,198.12
ORL,Nikola Vucevic,210.82
CHI,Zach LaVine,198.12
NOP,Brandon Ingram,200.66
DAL,Luka Doncic,200.66
SAS,Tim Duncan,213.36
PHX,Devin Booker,195.58
DEN,Nikola Jokic,213.36
BKN,Kyrie Irving,187.96
WAS,Bradley Beal,190.5
POR,Damian Lillard,187.96
MIN,Karl-Anthony Towns,210.82
NOP,Anthony Davis,210.82
ATL,Trae Young,185.42
LAL,LeBron James,205.74
BOS,Tacko Fall,229
GSW,Ben Gregg,208
